[2026-09-04 16:23:39Z INFO HostContext] No proxy settings were found based on environmental variables (http_proxy/https_proxy/HTTP_PROXY/HTTPS_PROXY)
[2026-09-04 16:23:39Z INFO HostContext] Well known directory 'Bin': 'C:\Users\leomi\CLionProjects\PrjING1SnoopyReuse\actions-runner\bin'
[2026-09-04 16:23:39Z INFO HostContext] Well known directory 'Root': 'C:\Users\leomi\CLionProjects\PrjING1SnoopyReuse\actions-runner'
[2026-09-04 16:23:39Z INFO HostContext] Well known config file 'Credentials': 'C:\Users\leomi\CLionProjects\PrjING1SnoopyReuse\actions-runner\.credentials'
[2026-09-04 16:23:39Z INFO HostContext] Well known directory 'Bin': 'C:\Users\leomi\CLionProjects\PrjING1SnoopyReuse\actions-runner\bin'
[2026-09-04 16:23:39Z INFO HostContext] Well known directory 'Root': 'C:\Users\leomi\CLionProjects\PrjING1SnoopyReuse\actions-runner'
[2026-09-04 16:23:39Z INFO HostContext] Well known config file 'Runner': 'C:\Users\leomi\CLionProjects\PrjING1SnoopyReuse\actions-runner\.runner'
[2026-09-04 16:23:39Z INFO Worker] Version: 2.337.0
[2026-09-04 16:23:39Z INFO Worker] Commit: 397b032cbf865e9c3ddfab89d533ec19325e1273
[2026-09-04 16:23:39Z INFO Worker] Culture: fr-FR
[2026-09-04 16:23:39Z INFO Worker] UI Culture: fr-FR
[2026-09-04 16:23:39Z INFO Worker] Waiting to receive the job message from the channel.
[2026-09-04 16:23:39Z INFO ProcessChannel] Receiving message of length 23412, with hash 'c6579ec35183878a3f53f69822d4dcfd8f8d011e0352cde33152cbc450732395'
[2026-09-04 16:23:39Z INFO Worker] Message received.
[2026-09-04 16:23:39Z INFO Worker] Job message:
 {
  "fileTable": [
    ".github/workflows/build.yml"
  ],
  "mask": [
    {
      "type": "regex",
      "value": "***"
    },
    {
      "type": "regex",
      "value": "***"
    },
    {
      "type": "regex",
      "value": "***"
    },
    {
      "type": "regex",
      "value": "***"
    },
    {
      "type": "regex",
      "value": "***"
    },
    {
      "type": "regex",
      "value": "***"
    },
    {
      "type": "regex",
      "value": "***"
    },
    {
      "type": "regex",
      "value": "***"
    },
    {
      "type": "regex",
      "value": "***"
    },
    {
      "type": "regex",
      "value": "***"
    },
    {
      "type": "regex",
      "value": "***"
    },
    {
      "type": "regex",
      "value": "***"
    },
    {
      "type": "regex",
      "value": "***"
    },
    {
      "type": "regex",
      "value": "***"
    },
    {
      "type": "regex",
      "value": "***"
    },
    {
      "type": "regex",
      "value": "***"
    },
    {
      "type": "regex",
      "value": "***"
    },
    {
      "type": "regex",
      "value": "***"
    },
    {
      "type": "regex",
      "value": "***"
    },
    {
      "type": "regex",
      "value": "***"
    },
    {
      "type": "regex",
      "value": "***"
    },
    {
      "type": "regex",
      "value": "***"
    },
    {
      "type": "regex",
      "value": "***"
    },
    {
      "type": "regex",
      "value": "***"
    }
  ],
  "steps": [
    {
      "type": "action",
      "reference": {
        "type": "repository",
        "name": "actions/checkout",
        "ref": "v4",
        "repositoryType": "GitHub"
      },
      "contextName": "__actions_checkout",
      "condition": "success()",
      "id": "c8bb768f-0616-48d1-9cbe-334f974cb056",
      "name": "__actions_checkout"
    },
    {
      "type": "action",
      "reference": {
        "type": "repository",
        "name": "msys2/setup-msys2",
        "ref": "v2",
        "repositoryType": "GitHub"
      },
      "contextName": "__msys2_setup-msys2",
      "inputs": {
        "type": 2,
        "file": 1,
        "line": 14,
        "col": 11,
        "map": [
          {
            "key": {
              "type": 0,
              "file": 1,
              "line": 14,
              "col": 11,
              "lit": "msystem"
            },
            "value": {
              "type": 0,
              "file": 1,
              "line": 14,
              "col": 20,
              "lit": "MINGW64"
            }
          },
          {
            "key": {
              "type": 0,
              "file": 1,
              "line": 15,
              "col": 11,
              "lit": "install"
            },
            "value": {
              "type": 0,
              "file": 1,
              "line": 15,
              "col": 20,
              "lit": "mingw-w64-x86_64-gcc mingw-w64-x86_64-cmake mingw-w64-x86_64-make"
            }
          }
        ]
      },
      "condition": "success()",
      "id": "642e55fc-0c4d-42b7-81b3-427769fe1692",
      "name": "__msys2_setup-msys2"
    },
    {
      "type": "action",
      "reference": {
        "type": "script"
      },
      "displayNameToken": {
        "type": 0,
        "file": 1,
        "line": 17,
        "col": 15,
        "lit": "Configure"
      },
      "contextName": "__run",
      "inputs": {
        "type": 2,
        "map": [
          {
            "key": "script",
            "value": {
              "type": 0,
              "file": 1,
              "line": 19,
              "col": 14,
              "lit": "cmake -G \"MinGW Makefiles\" -B build"
            }
          },
          {
            "key": "shell",
            "value": {
              "type": 0,
              "file": 1,
              "line": 18,
              "col": 16,
              "lit": "msys2 {0}"
            }
          }
        ]
      },
      "condition": "success()",
      "id": "11b713a5-5a5d-4e7c-b0a8-aef93f202583",
      "name": "__run"
    },
    {
      "type": "action",
      "reference": {
        "type": "script"
      },
      "displayNameToken": {
        "type": 0,
        "file": 1,
        "line": 21,
        "col": 15,
        "lit": "Build"
      },
      "contextName": "__run_2",
      "inputs": {
        "type": 2,
        "map": [
          {
            "key": "script",
            "value": {
              "type": 0,
              "file": 1,
              "line": 23,
              "col": 14,
              "lit": "cmake --build build"
            }
          },
          {
            "key": "shell",
            "value": {
              "type": 0,
              "file": 1,
              "line": 22,
              "col": 16,
              "lit": "msys2 {0}"
            }
          }
        ]
      },
      "condition": "success()",
      "id": "2225706e-0f35-4b5c-bf52-7d3bd2a36c2e",
      "name": "__run_2"
    }
  ],
  "variables": {
    "Actions.EnableHttpRedirects": {
      "value": "true"
    },
    "DistributedTask.AddWarningToNode12Action": {
      "value": "true"
    },
    "DistributedTask.AddWarningToNode16Action": {
      "value": "true"
    },
    "DistributedTask.AllowRunnerContainerHooks": {
      "value": "true"
    },
    "DistributedTask.DeprecateStepOutputCommands": {
      "value": "true"
    },
    "DistributedTask.DetailUntarFailure": {
      "value": "true"
    },
    "DistributedTask.EnableCompositeActions": {
      "value": "true"
    },
    "DistributedTask.EnableJobServerQueueTelemetry": {
      "value": "true"
    },
    "DistributedTask.EnhancedAnnotations": {
      "value": "true"
    },
    "DistributedTask.ForceGithubJavascriptActionsToNode16": {
      "value": "true"
    },
    "DistributedTask.ForceGithubJavascriptActionsToNode20": {
      "value": "true"
    },
    "DistributedTask.LogTemplateErrorsAsDebugMessages": {
      "value": "true"
    },
    "DistributedTask.MarkJobAsFailedOnWorkerCrash": {
      "value": "true"
    },
    "DistributedTask.NewActionMetadata": {
      "value": "true"
    },
    "DistributedTask.UploadStepSummary": {
      "value": "true"
    },
    "DistributedTask.UseActionArchiveCache": {
      "value": "true"
    },
    "DistributedTask.UseWhich2": {
      "value": "true"
    },
    "RunService.FixEmbeddedIssues": {
      "value": "true"
    },
    "actions.runner.requirenode24": {
      "value": "false"
    },
    "actions.runner.usenode24bydefault": {
      "value": "true"
    },
    "actions.runner.warnonnode20": {
      "value": "true"
    },
    "actions_add_check_run_id_to_job_context": {
      "value": "true"
    },
    "actions_batch_action_resolution": {
      "value": "false"
    },
    "actions_container_action_runner_temp": {
      "value": "true"
    },
    "actions_display_helpful_actions_download_errors": {
      "value": "true"
    },
    "actions_runner_allow_artifacts_file": {
      "value": "false"
    },
    "actions_runner_compare_workflow_parser": {
      "value": "false"
    },
    "actions_runner_deprecate_linux_arm32": {
      "value": "true"
    },
    "actions_runner_emit_composite_markers": {
      "value": "true"
    },
    "actions_runner_kill_linux_arm32": {
      "value": "false"
    },
    "actions_runner_node20_removal_date": {
      "value": ""
    },
    "actions_runner_node24_default_date": {
      "value": "June 16th, 2026"
    },
    "actions_self_repository": {
      "value": "true"
    },
    "actions_service_container_command": {
      "value": "true"
    },
    "actions_set_orchestration_id_env_for_actions": {
      "value": "true"
    },
    "actions_skip_retry_complete_job_upon_known_errors": {
      "value": "true"
    },
    "actions_snapshot_preflight_hosted_runner_check": {
      "value": "false"
    },
    "actions_snapshot_preflight_image_gen_pool_check": {
      "value": "false"
    },
    "actions_use_bearer_token_for_codeload": {
      "value": "false"
    },
    "actions_uses_cache_service_v2": {
      "value": "true"
    },
    "github_token": {
      "value": "***",
      "isSecret": true
    },
    "system.from_run_service": {
      "value": "true"
    },
    "system.github.job": {
      "value": "build"
    },
    "system.github.launch_endpoint": {
      "value": "https://launch.actions.githubusercontent.com"
    },
    "system.github.results_endpoint": {
      "value": "https://results-receiver.actions.githubusercontent.com/"
    },
    "system.github.results_upload_with_sdk": {
      "value": "true"
    },
    "system.github.token": {
      "value": "***",
      "isSecret": true
    },
    "system.github.token.permissions": {
      "value": "{\"Contents\":\"read\",\"Metadata\":\"read\",\"Packages\":\"read\"}"
    },
    "system.orchestrationId": {
      "value": "600b2eea-841b-4738-99ea-3ceec6145b64.build.__default"
    },
    "system.phaseDisplayName": {
      "value": "build"
    },
    "system.runner.lowdiskspacethreshold": {
      "value": "100"
    },
    "system.runnerEnvironment": {
      "value": "self-hosted"
    },
    "system.runnerGroupName": {
      "value": "Default"
    }
  },
  "messageType": "RunnerJobRequest",
  "plan": {
    "scopeIdentifier": "00000000-0000-0000-0000-000000000000",
    "planType": "actions",
    "version": 0,
    "planId": "600b2eea-841b-4738-99ea-3ceec6145b64",
    "planGroup": null,
    "artifactUri": null,
    "artifactLocation": null,
    "definition": null,
    "owner": null
  },
  "timeline": {
    "id": "600b2eea-841b-4738-99ea-3ceec6145b64",
    "changeId": 0,
    "location": null
  },
  "jobId": "11a98919-6f3f-5717-983c-211502f9f66c",
  "jobDisplayName": "build",
  "jobName": "__default",
  "requestId": 0,
  "lockedUntil": "0001-01-01T00:00:00",
  "resources": {
    "endpoints": [
      {
        "data": {
          "ServerId": "",
          "ServerName": "",
          "CacheServerUrl": "https://artifactcache.actions.githubusercontent.com/X2Mg11BRJVUpaglLoQ0kDOJNQBrdMHlPviCmTmLi36lZcOn90i/",
          "FeedStreamUrl": "wss://results-receiver.actions.githubusercontent.com/_ws/ingest.sock",
          "ResultsServiceUrl": "https://results-receiver.actions.githubusercontent.com/",
          "PipelinesServiceUrl": "https://pipelinesghubeus21.actions.githubusercontent.com/X2Mg11BRJVUpaglLoQ0kDOJNQBrdMHlPviCmTmLi36lZcOn90i/",
          "GenerateIdTokenUrl": "",
          "ConnectivityChecks": "[\"https://broker.actions.githubusercontent.com/health\",\"https://token.actions.githubusercontent.com/ready\",\"https://run.actions.githubusercontent.com/health\"]",
          "ConnectivityAndDNSChecks": "[\"https://github.com/_dns\",\"https://api.github.com/_dns\",\"https://codeload.github.com/_dns\",\"https://pkg.github.com/_dns\",\"https://copilot-proxy.githubusercontent.com/_dns\"]"
        },
        "name": "SystemVssConnection",
        "url": "https://run-actions-1-azure-eastus.actions.githubusercontent.com/153/",
        "authorization": {
          "parameters": {
            "AccessToken": "***"
          },
          "scheme": "OAuth"
        },
        "isShared": false,
        "isReady": true
      }
    ]
  },
  "contextData": {
    "github": {
      "t": 2,
      "d": [
        {
          "k": "ref",
          "v": "refs/heads/main"
        },
        {
          "k": "sha",
          "v": "8f200815a4c68c60f75542f76e1b9778791044e4"
        },
        {
          "k": "repository",
          "v": "leomichard/PrjING1SnoopyReuse"
        },
        {
          "k": "repository_owner",
          "v": "leomichard"
        },
        {
          "k": "repository_owner_id",
          "v": "147705186"
        },
        {
          "k": "repositoryUrl",
          "v": "git://github.com/leomichard/PrjING1SnoopyReuse.git"
        },
        {
          "k": "run_id",
          "v": "33894870766"
        },
        {
          "k": "run_number",
          "v": "6"
        },
        {
          "k": "retention_days",
          "v": "90"
        },
        {
          "k": "run_attempt",
          "v": "1"
        },
        {
          "k": "artifact_cache_size_limit",
          "v": "10"
        },
        {
          "k": "repository_visibility",
          "v": "public"
        },
        {
          "k": "actor_id",
          "v": "147705186"
        },
        {
          "k": "actor",
          "v": "leomichard"
        },
        {
          "k": "workflow",
          "v": "Build"
        },
        {
          "k": "head_ref",
          "v": ""
        },
        {
          "k": "base_ref",
          "v": ""
        },
        {
          "k": "event_name",
          "v": "push"
        },
        {
          "k": "server_url",
          "v": "https://github.com"
        },
        {
          "k": "api_url",
          "v": "https://api.github.com"
        },
        {
          "k": "graphql_url",
          "v": "https://api.github.com/graphql"
        },
        {
          "k": "ref_name",
          "v": "main"
        },
        {
          "k": "ref_protected",
          "v": false
        },
        {
          "k": "ref_type",
          "v": "branch"
        },
        {
          "k": "secret_source",
          "v": "Actions"
        },
        {
          "k": "event",
          "v": {
            "t": 2,
            "d": [
              {
                "k": "after",
                "v": "8f200815a4c68c60f75542f76e1b9778791044e4"
              },
              {
                "k": "base_ref",
                "v": null
              },
              {
                "k": "before",
                "v": "b4433c660fb09ee5a819942545ebac0be87c9b45"
              },
              {
                "k": "commits",
                "v": {
                  "t": 1,
                  "a": [
                    {
                      "t": 2,
                      "d": [
                        {
                          "k": "author",
                          "v": {
                            "t": 2,
                            "d": [
                              {
                                "k": "email",
                                "v": "leo.michard@edu.ece.fr"
                              },
                              {
                                "k": "name",
                                "v": "Léo Michard"
                              },
                              {
                                "k": "username",
                                "v": "leomichard"
                              }
                            ]
                          }
                        },
                        {
                          "k": "committer",
                          "v": {
                            "t": 2,
                            "d": [
                              {
                                "k": "email",
                                "v": "leo.michard@edu.ece.fr"
                              },
                              {
                                "k": "name",
                                "v": "Léo Michard"
                              },
                              {
                                "k": "username",
                                "v": "leomichard"
                              }
                            ]
                          }
                        },
                        {
                          "k": "distinct",
                          "v": true
                        },
                        {
                          "k": "id",
                          "v": "8f200815a4c68c60f75542f76e1b9778791044e4"
                        },
                        {
                          "k": "message",
                          "v": "maj"
                        },
                        {
                          "k": "timestamp",
                          "v": "2026-09-04T18:23:28+02:00"
                        },
                        {
                          "k": "tree_id",
                          "v": "dbc2ab891962a4bf2a216b17a451c1fb94292b22"
                        },
                        {
                          "k": "url",
                          "v": "https://github.com/leomichard/PrjING1SnoopyReuse/commit/8f200815a4c68c60f75542f76e1b9778791044e4"
                        }
                      ]
                    }
                  ]
                }
              },
              {
                "k": "compare",
                "v": "https://github.com/leomichard/PrjING1SnoopyReuse/compare/b4433c660fb0...8f200815a4c6"
              },
              {
                "k": "created",
                "v": false
              },
              {
                "k": "deleted",
                "v": false
              },
              {
                "k": "forced",
                "v": false
              },
              {
                "k": "head_commit",
                "v": {
                  "t": 2,
                  "d": [
                    {
                      "k": "author",
                      "v": {
                        "t": 2,
                        "d": [
                          {
                            "k": "email",
                            "v": "leo.michard@edu.ece.fr"
                          },
                          {
                            "k": "name",
                            "v": "Léo Michard"
                          },
                          {
                            "k": "username",
                            "v": "leomichard"
                          }
                        ]
                      }
                    },
                    {
                      "k": "committer",
                      "v": {
                        "t": 2,
                        "d": [
                          {
                            "k": "email",
                            "v": "leo.michard@edu.ece.fr"
                          },
                          {
                            "k": "name",
                            "v": "Léo Michard"
                          },
                          {
                            "k": "username",
                            "v": "leomichard"
                          }
                        ]
                      }
                    },
                    {
                      "k": "distinct",
                      "v": true
                    },
                    {
                      "k": "id",
                      "v": "8f200815a4c68c60f75542f76e1b9778791044e4"
                    },
                    {
                      "k": "message",
                      "v": "maj"
                    },
                    {
                      "k": "timestamp",
                      "v": "2026-09-04T18:23:28+02:00"
                    },
                    {
                      "k": "tree_id",
                      "v": "dbc2ab891962a4bf2a216b17a451c1fb94292b22"
                    },
                    {
                      "k": "url",
                      "v": "https://github.com/leomichard/PrjING1SnoopyReuse/commit/8f200815a4c68c60f75542f76e1b9778791044e4"
                    }
                  ]
                }
              },
              {
                "k": "pusher",
                "v": {
                  "t": 2,
                  "d": [
                    {
                      "k": "email",
                      "v": "147705186+leomichard@users.noreply.github.com"
                    },
                    {
                      "k": "name",
                      "v": "leomichard"
                    }
                  ]
                }
              },
              {
                "k": "ref",
                "v": "refs/heads/main"
              },
              {
                "k": "repository",
                "v": {
                  "t": 2,
                  "d": [
                    {
                      "k": "allow_forking",
                      "v": true
                    },
                    {
                      "k": "archive_url",
                      "v": "https://api.github.com/repos/leomichard/PrjING1SnoopyReuse/{archive_format}{/ref}"
                    },
                    {
                      "k": "archived",
                      "v": false
                    },
                    {
                      "k": "assignees_url",
                      "v": "https://api.github.com/repos/leomichard/PrjING1SnoopyReuse/assignees{/user}"
                    },
                    {
                      "k": "blobs_url",
                      "v": "https://api.github.com/repos/leomichard/PrjING1SnoopyReuse/git/blobs{/sha}"
                    },
                    {
                      "k": "branches_url",
                      "v": "https://api.github.com/repos/leomichard/PrjING1SnoopyReuse/branches{/branch}"
                    },
                    {
                      "k": "clone_url",
                      "v": "https://github.com/leomichard/PrjING1SnoopyReuse.git"
                    },
                    {
                      "k": "collaborators_url",
                      "v": "https://api.github.com/repos/leomichard/PrjING1SnoopyReuse/collaborators{/collaborator}"
                    },
                    {
                      "k": "comments_url",
                      "v": "https://api.github.com/repos/leomichard/PrjING1SnoopyReuse/comments{/number}"
                    },
                    {
                      "k": "commits_url",
                      "v": "https://api.github.com/repos/leomichard/PrjING1SnoopyReuse/commits{/sha}"
                    },
                    {
                      "k": "compare_url",
                      "v": "https://api.github.com/repos/leomichard/PrjING1SnoopyReuse/compare/{base}...{head}"
                    },
                    {
                      "k": "contents_url",
                      "v": "https://api.github.com/repos/leomichard/PrjING1SnoopyReuse/contents/{+path}"
                    },
                    {
                      "k": "contributors_url",
                      "v": "https://api.github.com/repos/leomichard/PrjING1SnoopyReuse/contributors"
                    },
                    {
                      "k": "created_at",
                      "v": 1788530526.0
                    },
                    {
                      "k": "default_branch",
                      "v": "main"
                    },
                    {
                      "k": "deployments_url",
                      "v": "https://api.github.com/repos/leomichard/PrjING1SnoopyReuse/deployments"
                    },
                    {
                      "k": "description",
                      "v": null
                    },
                    {
                      "k": "disabled",
                      "v": false
                    },
                    {
                      "k": "downloads_url",
                      "v": "https://api.github.com/repos/leomichard/PrjING1SnoopyReuse/downloads"
                    },
                    {
                      "k": "events_url",
                      "v": "https://api.github.com/repos/leomichard/PrjING1SnoopyReuse/events"
                    },
                    {
                      "k": "fork",
                      "v": false
                    },
                    {
                      "k": "forks",
                      "v": 0.0
                    },
                    {
                      "k": "forks_count",
                      "v": 0.0
                    },
                    {
                      "k": "forks_url",
                      "v": "https://api.github.com/repos/leomichard/PrjING1SnoopyReuse/forks"
                    },
                    {
                      "k": "full_name",
                      "v": "leomichard/PrjING1SnoopyReuse"
                    },
                    {
                      "k": "git_commits_url",
                      "v": "https://api.github.com/repos/leomichard/PrjING1SnoopyReuse/git/commits{/sha}"
                    },
                    {
                      "k": "git_refs_url",
                      "v": "https://api.github.com/repos/leomichard/PrjING1SnoopyReuse/git/refs{/sha}"
                    },
                    {
                      "k": "git_tags_url",
                      "v": "https://api.github.com/repos/leomichard/PrjING1SnoopyReuse/git/tags{/sha}"
                    },
                    {
                      "k": "git_url",
                      "v": "git://github.com/leomichard/PrjING1SnoopyReuse.git"
                    },
                    {
                      "k": "has_discussions",
                      "v": false
                    },
                    {
                      "k": "has_downloads",
                      "v": true
                    },
                    {
                      "k": "has_issues",
                      "v": true
                    },
                    {
                      "k": "has_pages",
                      "v": false
                    },
                    {
                      "k": "has_projects",
                      "v": true
                    },
                    {
                      "k": "has_pull_requests",
                      "v": true
                    },
                    {
                      "k": "has_wiki",
                      "v": true
                    },
                    {
                      "k": "homepage",
                      "v": null
                    },
                    {
                      "k": "hooks_url",
                      "v": "https://api.github.com/repos/leomichard/PrjING1SnoopyReuse/hooks"
                    },
                    {
                      "k": "html_url",
                      "v": "https://github.com/leomichard/PrjING1SnoopyReuse"
                    },
                    {
                      "k": "id",
                      "v": 1357208161.0
                    },
                    {
                      "k": "is_template",
                      "v": false
                    },
                    {
                      "k": "issue_comment_url",
                      "v": "https://api.github.com/repos/leomichard/PrjING1SnoopyReuse/issues/comments{/number}"
                    },
                    {
                      "k": "issue_events_url",
                      "v": "https://api.github.com/repos/leomichard/PrjING1SnoopyReuse/issues/events{/number}"
                    },
                    {
                      "k": "issues_url",
                      "v": "https://api.github.com/repos/leomichard/PrjING1SnoopyReuse/issues{/number}"
                    },
                    {
                      "k": "keys_url",
                      "v": "https://api.github.com/repos/leomichard/PrjING1SnoopyReuse/keys{/key_id}"
                    },
                    {
                      "k": "labels_url",
                      "v": "https://api.github.com/repos/leomichard/PrjING1SnoopyReuse/labels{/name}"
                    },
                    {
                      "k": "language",
                      "v": "JavaScript"
                    },
                    {
                      "k": "languages_url",
                      "v": "https://api.github.com/repos/leomichard/PrjING1SnoopyReuse/languages"
                    },
                    {
                      "k": "license",
                      "v": null
                    },
                    {
                      "k": "master_branch",
                      "v": "main"
                    },
                    {
                      "k": "merges_url",
                      "v": "https://api.github.com/repos/leomichard/PrjING1SnoopyReuse/merges"
                    },
                    {
                      "k": "milestones_url",
                      "v": "https://api.github.com/repos/leomichard/PrjING1SnoopyReuse/milestones{/number}"
                    },
                    {
                      "k": "mirror_url",
                      "v": null
                    },
                    {
                      "k": "name",
                      "v": "PrjING1SnoopyReuse"
                    },
                    {
                      "k": "node_id",
                      "v": "R_kgDOUOVaYQ"
                    },
                    {
                      "k": "notifications_url",
                      "v": "https://api.github.com/repos/leomichard/PrjING1SnoopyReuse/notifications{?since,all,participating}"
                    },
                    {
                      "k": "open_issues",
                      "v": 0.0
                    },
                    {
                      "k": "open_issues_count",
                      "v": 0.0
                    },
                    {
                      "k": "owner",
                      "v": {
                        "t": 2,
                        "d": [
                          {
                            "k": "avatar_url",
                            "v": "https://avatars.githubusercontent.com/u/147705186?v=4"
                          },
                          {
                            "k": "email",
                            "v": "147705186+leomichard@users.noreply.github.com"
                          },
                          {
                            "k": "events_url",
                            "v": "https://api.github.com/users/leomichard/events{/privacy}"
                          },
                          {
                            "k": "followers_url",
                            "v": "https://api.github.com/users/leomichard/followers"
                          },
                          {
                            "k": "following_url",
                            "v": "https://api.github.com/users/leomichard/following{/other_user}"
                          },
                          {
                            "k": "gists_url",
                            "v": "https://api.github.com/users/leomichard/gists{/gist_id}"
                          },
                          {
                            "k": "gravatar_id",
                            "v": ""
                          },
                          {
                            "k": "html_url",
                            "v": "https://github.com/leomichard"
                          },
                          {
                            "k": "id",
                            "v": 147705186.0
                          },
                          {
                            "k": "login",
                            "v": "leomichard"
                          },
                          {
                            "k": "name",
                            "v": "leomichard"
                          },
                          {
                            "k": "node_id",
                            "v": "U_kgDOCM3NYg"
                          },
                          {
                            "k": "organizations_url",
                            "v": "https://api.github.com/users/leomichard/orgs"
                          },
                          {
                            "k": "received_events_url",
                            "v": "https://api.github.com/users/leomichard/received_events"
                          },
                          {
                            "k": "repos_url",
                            "v": "https://api.github.com/users/leomichard/repos"
                          },
                          {
                            "k": "site_admin",
                            "v": false
                          },
                          {
                            "k": "starred_url",
                            "v": "https://api.github.com/users/leomichard/starred{/owner}{/repo}"
                          },
                          {
                            "k": "subscriptions_url",
                            "v": "https://api.github.com/users/leomichard/subscriptions"
                          },
                          {
                            "k": "type",
                            "v": "User"
                          },
                          {
                            "k": "url",
                            "v": "https://api.github.com/users/leomichard"
                          },
                          {
                            "k": "user_view_type",
                            "v": "public"
                          }
                        ]
                      }
                    },
                    {
                      "k": "private",
                      "v": false
                    },
                    {
                      "k": "pull_request_creation_policy",
                      "v": "all"
                    },
                    {
                      "k": "pulls_url",
                      "v": "https://api.github.com/repos/leomichard/PrjING1SnoopyReuse/pulls{/number}"
                    },
                    {
                      "k": "pushed_at",
                      "v": 1788539012.0
                    },
                    {
                      "k": "releases_url",
                      "v": "https://api.github.com/repos/leomichard/PrjING1SnoopyReuse/releases{/id}"
                    },
                    {
                      "k": "size",
                      "v": 11.0
                    },
                    {
                      "k": "ssh_url",
                      "v": "git@github.com:leomichard/PrjING1SnoopyReuse.git"
                    },
                    {
                      "k": "stargazers",
                      "v": 0.0
                    },
                    {
                      "k": "stargazers_count",
                      "v": 0.0
                    },
                    {
                      "k": "stargazers_url",
                      "v": "https://api.github.com/repos/leomichard/PrjING1SnoopyReuse/stargazers"
                    },
                    {
                      "k": "statuses_url",
                      "v": "https://api.github.com/repos/leomichard/PrjING1SnoopyReuse/statuses/{sha}"
                    },
                    {
                      "k": "subscribers_url",
                      "v": "https://api.github.com/repos/leomichard/PrjING1SnoopyReuse/subscribers"
                    },
                    {
                      "k": "subscription_url",
                      "v": "https://api.github.com/repos/leomichard/PrjING1SnoopyReuse/subscription"
                    },
                    {
                      "k": "svn_url",
                      "v": "https://github.com/leomichard/PrjING1SnoopyReuse"
                    },
                    {
                      "k": "tags_url",
                      "v": "https://api.github.com/repos/leomichard/PrjING1SnoopyReuse/tags"
                    },
                    {
                      "k": "teams_url",
                      "v": "https://api.github.com/repos/leomichard/PrjING1SnoopyReuse/teams"
                    },
                    {
                      "k": "topics",
                      "v": {
                        "t": 1
                      }
                    },
                    {
                      "k": "trees_url",
                      "v": "https://api.github.com/repos/leomichard/PrjING1SnoopyReuse/git/trees{/sha}"
                    },
                    {
                      "k": "updated_at",
                      "v": "2026-09-04T16:20:48Z"
                    },
                    {
                      "k": "url",
                      "v": "https://api.github.com/repos/leomichard/PrjING1SnoopyReuse"
                    },
                    {
                      "k": "visibility",
                      "v": "public"
                    },
                    {
                      "k": "watchers",
                      "v": 0.0
                    },
                    {
                      "k": "watchers_count",
                      "v": 0.0
                    },
                    {
                      "k": "web_commit_signoff_required",
                      "v": false
                    }
                  ]
                }
              },
              {
                "k": "sender",
                "v": {
                  "t": 2,
                  "d": [
                    {
                      "k": "avatar_url",
                      "v": "https://avatars.githubusercontent.com/u/147705186?v=4"
                    },
                    {
                      "k": "events_url",
                      "v": "https://api.github.com/users/leomichard/events{/privacy}"
                    },
                    {
                      "k": "followers_url",
                      "v": "https://api.github.com/users/leomichard/followers"
                    },
                    {
                      "k": "following_url",
                      "v": "https://api.github.com/users/leomichard/following{/other_user}"
                    },
                    {
                      "k": "gists_url",
                      "v": "https://api.github.com/users/leomichard/gists{/gist_id}"
                    },
                    {
                      "k": "gravatar_id",
                      "v": ""
                    },
                    {
                      "k": "html_url",
                      "v": "https://github.com/leomichard"
                    },
                    {
                      "k": "id",
                      "v": 147705186.0
                    },
                    {
                      "k": "login",
                      "v": "leomichard"
                    },
                    {
                      "k": "node_id",
                      "v": "U_kgDOCM3NYg"
                    },
                    {
                      "k": "organizations_url",
                      "v": "https://api.github.com/users/leomichard/orgs"
                    },
                    {
                      "k": "received_events_url",
                      "v": "https://api.github.com/users/leomichard/received_events"
                    },
                    {
                      "k": "repos_url",
                      "v": "https://api.github.com/users/leomichard/repos"
                    },
                    {
                      "k": "site_admin",
                      "v": false
                    },
                    {
                      "k": "starred_url",
                      "v": "https://api.github.com/users/leomichard/starred{/owner}{/repo}"
                    },
                    {
                      "k": "subscriptions_url",
                      "v": "https://api.github.com/users/leomichard/subscriptions"
                    },
                    {
                      "k": "type",
                      "v": "User"
                    },
                    {
                      "k": "url",
                      "v": "https://api.github.com/users/leomichard"
                    },
                    {
                      "k": "user_view_type",
                      "v": "public"
                    }
                  ]
                }
              }
            ]
          }
        },
        {
          "k": "workflow_ref",
          "v": "leomichard/PrjING1SnoopyReuse/.github/workflows/build.yml@refs/heads/main"
        },
        {
          "k": "workflow_sha",
          "v": "8f200815a4c68c60f75542f76e1b9778791044e4"
        },
        {
          "k": "repository_id",
          "v": "1357208161"
        },
        {
          "k": "triggering_actor",
          "v": "leomichard"
        }
      ]
    },
    "inputs": {
      "t": 2
    },
    "job": {
      "t": 2,
      "d": [
        {
          "k": "check_run_id",
          "v": 101095038478.0
        },
        {
          "k": "workflow_ref",
          "v": "leomichard/PrjING1SnoopyReuse/.github/workflows/build.yml@refs/heads/main"
        },
        {
          "k": "workflow_sha",
          "v": "8f200815a4c68c60f75542f76e1b9778791044e4"
        },
        {
          "k": "workflow_repository",
          "v": "leomichard/PrjING1SnoopyReuse"
        },
        {
          "k": "workflow_file_path",
          "v": ".github/workflows/build.yml"
        }
      ]
    },
    "matrix": null,
    "needs": {
      "t": 2
    },
    "strategy": {
      "t": 2,
      "d": [
        {
          "k": "fail-fast",
          "v": true
        },
        {
          "k": "job-index",
          "v": 0.0
        },
        {
          "k": "job-total",
          "v": 1.0
        },
        {
          "k": "max-parallel",
          "v": 1.0
        }
      ]
    },
    "vars": {
      "t": 2
    }
  },
  "billingOwnerId": "U_kgDOCM3NYg"
}
[2026-09-04 16:23:39Z INFO JobRunner] Job ID 11a98919-6f3f-5717-983c-211502f9f66c
[2026-09-04 16:23:39Z INFO ConfigurationStore] currentAssemblyLocation: C:\Users\leomi\CLionProjects\PrjING1SnoopyReuse\actions-runner\bin\Runner.Worker.dll
[2026-09-04 16:23:39Z INFO HostContext] Well known directory 'Bin': 'C:\Users\leomi\CLionProjects\PrjING1SnoopyReuse\actions-runner\bin'
[2026-09-04 16:23:39Z INFO ConfigurationStore] binPath: C:\Users\leomi\CLionProjects\PrjING1SnoopyReuse\actions-runner\bin
[2026-09-04 16:23:39Z INFO HostContext] Well known directory 'Bin': 'C:\Users\leomi\CLionProjects\PrjING1SnoopyReuse\actions-runner\bin'
[2026-09-04 16:23:39Z INFO HostContext] Well known directory 'Root': 'C:\Users\leomi\CLionProjects\PrjING1SnoopyReuse\actions-runner'
[2026-09-04 16:23:39Z INFO ConfigurationStore] RootFolder: C:\Users\leomi\CLionProjects\PrjING1SnoopyReuse\actions-runner
[2026-09-04 16:23:39Z INFO HostContext] Well known directory 'Bin': 'C:\Users\leomi\CLionProjects\PrjING1SnoopyReuse\actions-runner\bin'
[2026-09-04 16:23:39Z INFO HostContext] Well known directory 'Root': 'C:\Users\leomi\CLionProjects\PrjING1SnoopyReuse\actions-runner'
[2026-09-04 16:23:39Z INFO HostContext] Well known config file 'Runner': 'C:\Users\leomi\CLionProjects\PrjING1SnoopyReuse\actions-runner\.runner'
[2026-09-04 16:23:39Z INFO ConfigurationStore] ConfigFilePath: C:\Users\leomi\CLionProjects\PrjING1SnoopyReuse\actions-runner\.runner
[2026-09-04 16:23:39Z INFO HostContext] Well known directory 'Bin': 'C:\Users\leomi\CLionProjects\PrjING1SnoopyReuse\actions-runner\bin'
[2026-09-04 16:23:39Z INFO HostContext] Well known directory 'Root': 'C:\Users\leomi\CLionProjects\PrjING1SnoopyReuse\actions-runner'
[2026-09-04 16:23:39Z INFO HostContext] Well known config file 'MigratedRunner': 'C:\Users\leomi\CLionProjects\PrjING1SnoopyReuse\actions-runner\.runner_migrated'
[2026-09-04 16:23:39Z INFO ConfigurationStore] MigratedConfigFilePath: C:\Users\leomi\CLionProjects\PrjING1SnoopyReuse\actions-runner\.runner_migrated
[2026-09-04 16:23:39Z INFO HostContext] Well known directory 'Bin': 'C:\Users\leomi\CLionProjects\PrjING1SnoopyReuse\actions-runner\bin'
[2026-09-04 16:23:39Z INFO HostContext] Well known directory 'Root': 'C:\Users\leomi\CLionProjects\PrjING1SnoopyReuse\actions-runner'
[2026-09-04 16:23:39Z INFO HostContext] Well known config file 'Credentials': 'C:\Users\leomi\CLionProjects\PrjING1SnoopyReuse\actions-runner\.credentials'
[2026-09-04 16:23:39Z INFO ConfigurationStore] CredFilePath: C:\Users\leomi\CLionProjects\PrjING1SnoopyReuse\actions-runner\.credentials
[2026-09-04 16:23:39Z INFO HostContext] Well known directory 'Bin': 'C:\Users\leomi\CLionProjects\PrjING1SnoopyReuse\actions-runner\bin'
[2026-09-04 16:23:39Z INFO HostContext] Well known directory 'Root': 'C:\Users\leomi\CLionProjects\PrjING1SnoopyReuse\actions-runner'
[2026-09-04 16:23:39Z INFO HostContext] Well known config file 'MigratedCredentials': 'C:\Users\leomi\CLionProjects\PrjING1SnoopyReuse\actions-runner\.credentials_migrated'
[2026-09-04 16:23:39Z INFO ConfigurationStore] MigratedCredFilePath: C:\Users\leomi\CLionProjects\PrjING1SnoopyReuse\actions-runner\.credentials_migrated
[2026-09-04 16:23:39Z INFO HostContext] Well known directory 'Bin': 'C:\Users\leomi\CLionProjects\PrjING1SnoopyReuse\actions-runner\bin'
[2026-09-04 16:23:39Z INFO HostContext] Well known directory 'Root': 'C:\Users\leomi\CLionProjects\PrjING1SnoopyReuse\actions-runner'
[2026-09-04 16:23:39Z INFO HostContext] Well known config file 'Service': 'C:\Users\leomi\CLionProjects\PrjING1SnoopyReuse\actions-runner\.service'
[2026-09-04 16:23:39Z INFO ConfigurationStore] ServiceConfigFilePath: C:\Users\leomi\CLionProjects\PrjING1SnoopyReuse\actions-runner\.service
[2026-09-04 16:23:39Z INFO ConfigurationStore] Read setting file: 408 chars
[2026-09-04 16:23:39Z INFO JobRunner] Initializing launch client
[2026-09-04 16:23:39Z INFO JobServerQueue] Initializing results client
[2026-09-04 16:23:39Z INFO ResultServer] Creating websocket client ...wss://results-receiver.actions.githubusercontent.com/_ws/ingest.sock
[2026-09-04 16:23:39Z INFO ResultServer] Attempting to start websocket client with delay 00:00:00.
[2026-09-04 16:23:39Z INFO JobServerQueue] Start process web console line queue.
[2026-09-04 16:23:39Z INFO JobServerQueue] Start process file upload queue.
[2026-09-04 16:23:39Z INFO JobServerQueue] Start results file upload queue.
[2026-09-04 16:23:39Z INFO JobServerQueue] Starting results-based upload queue...
[2026-09-04 16:23:39Z INFO JobServerQueue] Start process timeline update queue.
[2026-09-04 16:23:39Z INFO ExecutionContext] Initializing Job context
[2026-09-04 16:23:39Z INFO ExecutionContext] Initialize GitHub context
[2026-09-04 16:23:39Z INFO ExecutionContext] Initialize Env context
[2026-09-04 16:23:39Z INFO HostContext] Well known directory 'Bin': 'C:\Users\leomi\CLionProjects\PrjING1SnoopyReuse\actions-runner\bin'
[2026-09-04 16:23:39Z INFO HostContext] Well known directory 'Root': 'C:\Users\leomi\CLionProjects\PrjING1SnoopyReuse\actions-runner'
[2026-09-04 16:23:39Z INFO HostContext] Well known directory 'Diag': 'C:\Users\leomi\CLionProjects\PrjING1SnoopyReuse\actions-runner\_diag'
[2026-09-04 16:23:39Z INFO HostContext] Well known directory 'Bin': 'C:\Users\leomi\CLionProjects\PrjING1SnoopyReuse\actions-runner\bin'
[2026-09-04 16:23:39Z INFO HostContext] Well known directory 'Root': 'C:\Users\leomi\CLionProjects\PrjING1SnoopyReuse\actions-runner'
[2026-09-04 16:23:39Z INFO HostContext] Well known directory 'Diag': 'C:\Users\leomi\CLionProjects\PrjING1SnoopyReuse\actions-runner\_diag'
[2026-09-04 16:23:39Z INFO JobRunner] Starting the job execution context.
[2026-09-04 16:23:39Z INFO HostContext] Well known directory 'Bin': 'C:\Users\leomi\CLionProjects\PrjING1SnoopyReuse\actions-runner\bin'
[2026-09-04 16:23:39Z INFO HostContext] Well known directory 'Root': 'C:\Users\leomi\CLionProjects\PrjING1SnoopyReuse\actions-runner'
[2026-09-04 16:23:39Z INFO HostContext] Well known directory 'Work': 'C:\Users\leomi\CLionProjects\PrjING1SnoopyReuse\actions-runner\_work'
[2026-09-04 16:23:39Z INFO JobRunner] Validating directory permissions for: 'C:\Users\leomi\CLionProjects\PrjING1SnoopyReuse\actions-runner\_work'
[2026-09-04 16:23:39Z INFO HostContext] Well known directory 'Bin': 'C:\Users\leomi\CLionProjects\PrjING1SnoopyReuse\actions-runner\bin'
[2026-09-04 16:23:39Z INFO HostContext] Well known directory 'Root': 'C:\Users\leomi\CLionProjects\PrjING1SnoopyReuse\actions-runner'
[2026-09-04 16:23:39Z INFO HostContext] Well known directory 'Work': 'C:\Users\leomi\CLionProjects\PrjING1SnoopyReuse\actions-runner\_work'
[2026-09-04 16:23:39Z INFO HostContext] Well known directory 'Tools': 'C:\Users\leomi\CLionProjects\PrjING1SnoopyReuse\actions-runner\_work\_tool'
[2026-09-04 16:23:39Z INFO HostContext] Well known directory 'Bin': 'C:\Users\leomi\CLionProjects\PrjING1SnoopyReuse\actions-runner\bin'
[2026-09-04 16:23:39Z INFO HostContext] Well known directory 'Root': 'C:\Users\leomi\CLionProjects\PrjING1SnoopyReuse\actions-runner'
[2026-09-04 16:23:39Z INFO HostContext] Well known directory 'Work': 'C:\Users\leomi\CLionProjects\PrjING1SnoopyReuse\actions-runner\_work'
[2026-09-04 16:23:39Z INFO HostContext] Well known directory 'Temp': 'C:\Users\leomi\CLionProjects\PrjING1SnoopyReuse\actions-runner\_work\_temp'
[2026-09-04 16:23:39Z INFO JobRunner] Getting job extension.
[2026-09-04 16:23:39Z INFO JobRunner] Initialize job. Getting all job steps.
[2026-09-04 16:23:39Z INFO HostContext] Well known directory 'Bin': 'C:\Users\leomi\CLionProjects\PrjING1SnoopyReuse\actions-runner\bin'
[2026-09-04 16:23:39Z INFO HostContext] Well known directory 'Root': 'C:\Users\leomi\CLionProjects\PrjING1SnoopyReuse\actions-runner'
[2026-09-04 16:23:39Z INFO HostContext] Well known directory 'Diag': 'C:\Users\leomi\CLionProjects\PrjING1SnoopyReuse\actions-runner\_diag'
[2026-09-04 16:23:39Z INFO HostContext] Well known directory 'Bin': 'C:\Users\leomi\CLionProjects\PrjING1SnoopyReuse\actions-runner\bin'
[2026-09-04 16:23:39Z INFO HostContext] Well known directory 'Root': 'C:\Users\leomi\CLionProjects\PrjING1SnoopyReuse\actions-runner'
[2026-09-04 16:23:39Z INFO HostContext] Well known directory 'Diag': 'C:\Users\leomi\CLionProjects\PrjING1SnoopyReuse\actions-runner\_diag'
[2026-09-04 16:23:39Z INFO HostContext] Well known directory 'Bin': 'C:\Users\leomi\CLionProjects\PrjING1SnoopyReuse\actions-runner\bin'
[2026-09-04 16:23:39Z INFO HostContext] Well known directory 'Root': 'C:\Users\leomi\CLionProjects\PrjING1SnoopyReuse\actions-runner'
[2026-09-04 16:23:39Z INFO HostContext] Well known config file 'Credentials': 'C:\Users\leomi\CLionProjects\PrjING1SnoopyReuse\actions-runner\.credentials'
[2026-09-04 16:23:39Z INFO HostContext] Well known directory 'Bin': 'C:\Users\leomi\CLionProjects\PrjING1SnoopyReuse\actions-runner\bin'
[2026-09-04 16:23:39Z INFO HostContext] Well known directory 'Root': 'C:\Users\leomi\CLionProjects\PrjING1SnoopyReuse\actions-runner'
[2026-09-04 16:23:39Z INFO HostContext] Well known config file 'SetupInfo': 'C:\Users\leomi\CLionProjects\PrjING1SnoopyReuse\actions-runner\.setup_info'
[2026-09-04 16:23:39Z INFO HostContext] Well known directory 'Bin': 'C:\Users\leomi\CLionProjects\PrjING1SnoopyReuse\actions-runner\bin'
[2026-09-04 16:23:39Z INFO HostContext] Well known directory 'Root': 'C:\Users\leomi\CLionProjects\PrjING1SnoopyReuse\actions-runner'
[2026-09-04 16:23:39Z INFO HostContext] Well known directory 'Work': 'C:\Users\leomi\CLionProjects\PrjING1SnoopyReuse\actions-runner\_work'
[2026-09-04 16:23:39Z INFO PipelineDirectoryManager] Loading tracking config if exists: C:\Users\leomi\CLionProjects\PrjING1SnoopyReuse\actions-runner\_work\_PipelineMapping\leomichard/PrjING1SnoopyReuse\PipelineFolder.json
[2026-09-04 16:23:39Z INFO PipelineDirectoryManager] Creating a new tracking config file.
[2026-09-04 16:23:39Z INFO HostContext] Well known directory 'Bin': 'C:\Users\leomi\CLionProjects\PrjING1SnoopyReuse\actions-runner\bin'
[2026-09-04 16:23:39Z INFO HostContext] Well known directory 'Root': 'C:\Users\leomi\CLionProjects\PrjING1SnoopyReuse\actions-runner'
[2026-09-04 16:23:39Z INFO HostContext] Well known directory 'Work': 'C:\Users\leomi\CLionProjects\PrjING1SnoopyReuse\actions-runner\_work'
[2026-09-04 16:23:39Z INFO PipelineDirectoryManager] Creating pipeline directory.
[2026-09-04 16:23:39Z INFO HostContext] Well known directory 'Bin': 'C:\Users\leomi\CLionProjects\PrjING1SnoopyReuse\actions-runner\bin'
[2026-09-04 16:23:39Z INFO HostContext] Well known directory 'Root': 'C:\Users\leomi\CLionProjects\PrjING1SnoopyReuse\actions-runner'
[2026-09-04 16:23:39Z INFO HostContext] Well known directory 'Work': 'C:\Users\leomi\CLionProjects\PrjING1SnoopyReuse\actions-runner\_work'
[2026-09-04 16:23:39Z INFO PipelineDirectoryManager] Creating workspace directory.
[2026-09-04 16:23:39Z INFO HostContext] Well known directory 'Bin': 'C:\Users\leomi\CLionProjects\PrjING1SnoopyReuse\actions-runner\bin'
[2026-09-04 16:23:39Z INFO HostContext] Well known directory 'Root': 'C:\Users\leomi\CLionProjects\PrjING1SnoopyReuse\actions-runner'
[2026-09-04 16:23:39Z INFO HostContext] Well known directory 'Work': 'C:\Users\leomi\CLionProjects\PrjING1SnoopyReuse\actions-runner\_work'
[2026-09-04 16:23:39Z INFO JobExtension] Downloading actions
[2026-09-04 16:23:39Z INFO HostContext] Well known directory 'Bin': 'C:\Users\leomi\CLionProjects\PrjING1SnoopyReuse\actions-runner\bin'
[2026-09-04 16:23:39Z INFO HostContext] Well known directory 'Root': 'C:\Users\leomi\CLionProjects\PrjING1SnoopyReuse\actions-runner'
[2026-09-04 16:23:39Z INFO HostContext] Well known directory 'Work': 'C:\Users\leomi\CLionProjects\PrjING1SnoopyReuse\actions-runner\_work'
[2026-09-04 16:23:39Z INFO HostContext] Well known directory 'Actions': 'C:\Users\leomi\CLionProjects\PrjING1SnoopyReuse\actions-runner\_work\_actions'
[2026-09-04 16:23:39Z INFO Worker] Listening for cancel message from the channel.
[2026-09-04 16:23:39Z INFO Worker] Waiting for the job to complete or for a cancel message from the channel.
[2026-09-04 16:23:40Z INFO ResultServer] Successfully started websocket client.
[2026-09-04 16:23:40Z INFO JobServerQueue] Try to append 1 batches web console lines for record '2c57097c-6bb7-45c0-85d1-b35079c77d23', success rate: 1/1.
[2026-09-04 16:23:40Z INFO HostContext] Well known directory 'Bin': 'C:\Users\leomi\CLionProjects\PrjING1SnoopyReuse\actions-runner\bin'
[2026-09-04 16:23:40Z INFO HostContext] Well known directory 'Root': 'C:\Users\leomi\CLionProjects\PrjING1SnoopyReuse\actions-runner'
[2026-09-04 16:23:40Z INFO HostContext] Well known directory 'Work': 'C:\Users\leomi\CLionProjects\PrjING1SnoopyReuse\actions-runner\_work'
[2026-09-04 16:23:40Z INFO HostContext] Well known directory 'Actions': 'C:\Users\leomi\CLionProjects\PrjING1SnoopyReuse\actions-runner\_work\_actions'
[2026-09-04 16:23:40Z INFO HostContext] Well known directory 'Bin': 'C:\Users\leomi\CLionProjects\PrjING1SnoopyReuse\actions-runner\bin'
[2026-09-04 16:23:40Z INFO HostContext] Well known directory 'Root': 'C:\Users\leomi\CLionProjects\PrjING1SnoopyReuse\actions-runner'
[2026-09-04 16:23:40Z INFO HostContext] Well known directory 'Work': 'C:\Users\leomi\CLionProjects\PrjING1SnoopyReuse\actions-runner\_work'
[2026-09-04 16:23:40Z INFO HostContext] Well known directory 'Actions': 'C:\Users\leomi\CLionProjects\PrjING1SnoopyReuse\actions-runner\_work\_actions'
[2026-09-04 16:23:40Z INFO ActionManager] Save archive 'https://codeload.github.com/actions/checkout/zip/11d5960a326750d5838078e36cf38b85af677262' into C:\Users\leomi\CLionProjects\PrjING1SnoopyReuse\actions-runner\_work\_actions\_temp_6363b69b-5ae6-4b96-86e7-01aa57731418\090569a1-70c6-4f95-a418-4a925ea0ca41.zip.
[2026-09-04 16:23:40Z INFO ActionManager] Using Basic token for action archive download.
[2026-09-04 16:23:40Z INFO JobServerQueue] Try to append 1 batches web console lines for record '2c57097c-6bb7-45c0-85d1-b35079c77d23', success rate: 1/1.
[2026-09-04 16:23:40Z INFO JobServerQueue] Job timeline record has been updated for the first time.
[2026-09-04 16:23:40Z INFO ActionManager] Request URL: https://codeload.github.com/actions/checkout/zip/11d5960a326750d5838078e36cf38b85af677262 X-GitHub-Request-Id: 05A6:3DBE8A:1AB8F0:215AA1:6A9AF08B Http Status: OK
[2026-09-04 16:23:40Z INFO ActionManager] Finished getting action repository.
[2026-09-04 16:23:41Z INFO HostContext] Well known directory 'Bin': 'C:\Users\leomi\CLionProjects\PrjING1SnoopyReuse\actions-runner\bin'
[2026-09-04 16:23:41Z INFO HostContext] Well known directory 'Root': 'C:\Users\leomi\CLionProjects\PrjING1SnoopyReuse\actions-runner'
[2026-09-04 16:23:41Z INFO HostContext] Well known directory 'Work': 'C:\Users\leomi\CLionProjects\PrjING1SnoopyReuse\actions-runner\_work'
[2026-09-04 16:23:41Z INFO HostContext] Well known directory 'Actions': 'C:\Users\leomi\CLionProjects\PrjING1SnoopyReuse\actions-runner\_work\_actions'
[2026-09-04 16:23:41Z INFO HostContext] Well known directory 'Bin': 'C:\Users\leomi\CLionProjects\PrjING1SnoopyReuse\actions-runner\bin'
[2026-09-04 16:23:41Z INFO HostContext] Well known directory 'Root': 'C:\Users\leomi\CLionProjects\PrjING1SnoopyReuse\actions-runner'
[2026-09-04 16:23:41Z INFO HostContext] Well known directory 'Work': 'C:\Users\leomi\CLionProjects\PrjING1SnoopyReuse\actions-runner\_work'
[2026-09-04 16:23:41Z INFO HostContext] Well known directory 'Actions': 'C:\Users\leomi\CLionProjects\PrjING1SnoopyReuse\actions-runner\_work\_actions'
[2026-09-04 16:23:41Z INFO ActionManager] Save archive 'https://codeload.github.com/msys2/setup-msys2/zip/66cd2cce69caa17b53920067426061ca1de3a884' into C:\Users\leomi\CLionProjects\PrjING1SnoopyReuse\actions-runner\_work\_actions\_temp_3a99ca8a-3d21-4cce-a0d1-8f631740c158\5a5eb3e7-8c7d-48bd-8211-a290c362a3d2.zip.
[2026-09-04 16:23:41Z INFO ActionManager] Using Basic token for action archive download.
[2026-09-04 16:23:41Z INFO JobServerQueue] Try to append 1 batches web console lines for record '2c57097c-6bb7-45c0-85d1-b35079c77d23', success rate: 1/1.
[2026-09-04 16:23:41Z INFO ActionManager] Request URL: https://codeload.github.com/msys2/setup-msys2/zip/66cd2cce69caa17b53920067426061ca1de3a884 X-GitHub-Request-Id: 1C72:339D85:1C2788:22C809:6A9AF08C Http Status: OK
[2026-09-04 16:23:41Z INFO ActionManager] Finished getting action repository.
[2026-09-04 16:23:41Z INFO HostContext] Well known directory 'Bin': 'C:\Users\leomi\CLionProjects\PrjING1SnoopyReuse\actions-runner\bin'
[2026-09-04 16:23:41Z INFO HostContext] Well known directory 'Root': 'C:\Users\leomi\CLionProjects\PrjING1SnoopyReuse\actions-runner'
[2026-09-04 16:23:41Z INFO HostContext] Well known directory 'Work': 'C:\Users\leomi\CLionProjects\PrjING1SnoopyReuse\actions-runner\_work'
[2026-09-04 16:23:41Z INFO HostContext] Well known directory 'Actions': 'C:\Users\leomi\CLionProjects\PrjING1SnoopyReuse\actions-runner\_work\_actions'
[2026-09-04 16:23:41Z INFO ActionManifestManagerLegacy] Load schema file with definitions: [
  "null",
  "boolean",
  "number",
  "string",
  "sequence",
  "mapping",
  "any",
  "action-root",
  "inputs",
  "input",
  "outputs",
  "output-definition",
  "runs",
  "container-runs",
  "container-runs-args",
  "container-runs-env",
  "node-runs",
  "plugin-runs",
  "composite-runs",
  "composite-steps",
  "composite-step",
  "run-step",
  "uses-step",
  "container-runs-context",
  "output-value",
  "input-default-context",
  "non-empty-string",
  "string-steps-context",
  "boolean-steps-context",
  "step-env",
  "step-if",
  "step-with"
]
[2026-09-04 16:23:41Z INFO ActionManifestManager] Load schema file with definitions: [
  "null",
  "boolean",
  "number",
  "string",
  "sequence",
  "mapping",
  "any",
  "action-root",
  "inputs",
  "input",
  "outputs",
  "output-definition",
  "runs",
  "container-runs",
  "container-runs-args",
  "container-runs-env",
  "node-runs",
  "plugin-runs",
  "composite-runs",
  "composite-steps",
  "composite-step",
  "run-step",
  "uses-step",
  "container-runs-context",
  "output-value",
  "input-default-context",
  "non-empty-string",
  "string-steps-context",
  "boolean-steps-context",
  "step-env",
  "step-if",
  "step-with"
]
[2026-09-04 16:23:41Z INFO HostContext] Well known directory 'Bin': 'C:\Users\leomi\CLionProjects\PrjING1SnoopyReuse\actions-runner\bin'
[2026-09-04 16:23:41Z INFO HostContext] Well known directory 'Root': 'C:\Users\leomi\CLionProjects\PrjING1SnoopyReuse\actions-runner'
[2026-09-04 16:23:41Z INFO HostContext] Well known directory 'Work': 'C:\Users\leomi\CLionProjects\PrjING1SnoopyReuse\actions-runner\_work'
[2026-09-04 16:23:41Z INFO HostContext] Well known directory 'Actions': 'C:\Users\leomi\CLionProjects\PrjING1SnoopyReuse\actions-runner\_work\_actions'
[2026-09-04 16:23:41Z INFO ActionManifestManagerLegacy] Loaded action.yml file: {
  "name": "Checkout",
  "description": "Checkout a Git repository at a particular version",
  "inputs": {
    "type": 2,
    "map": [
      {
        "key": {
          "type": 0,
          "file": 2,
          "line": 4,
          "col": 3,
          "lit": "repository"
        },
        "value": {
          "type": 3,
          "file": 2,
          "line": 6,
          "col": 14,
          "expr": "github.repository"
        }
      },
      {
        "key": {
          "type": 0,
          "file": 2,
          "line": 7,
          "col": 3,
          "lit": "ref"
        },
        "value": ""
      },
      {
        "key": {
          "type": 0,
          "file": 2,
          "line": 12,
          "col": 3,
          "lit": "token"
        },
        "value": {
          "type": 3,
          "file": 2,
          "line": 24,
          "col": 14,
          "expr": "github.token"
        }
      },
      {
        "key": {
          "type": 0,
          "file": 2,
          "line": 25,
          "col": 3,
          "lit": "ssh-key"
        },
        "value": ""
      },
      {
        "key": {
          "type": 0,
          "file": 2,
          "line": 37,
          "col": 3,
          "lit": "ssh-known-hosts"
        },
        "value": ""
      },
      {
        "key": {
          "type": 0,
          "file": 2,
          "line": 42,
          "col": 3,
          "lit": "ssh-strict"
        },
        "value": {
          "type": 0,
          "file": 2,
          "line": 47,
          "col": 14,
          "lit": "true"
        }
      },
      {
        "key": {
          "type": 0,
          "file": 2,
          "line": 48,
          "col": 3,
          "lit": "ssh-user"
        },
        "value": {
          "type": 0,
          "file": 2,
          "line": 51,
          "col": 14,
          "lit": "git"
        }
      },
      {
        "key": {
          "type": 0,
          "file": 2,
          "line": 52,
          "col": 3,
          "lit": "persist-credentials"
        },
        "value": {
          "type": 0,
          "file": 2,
          "line": 54,
          "col": 14,
          "lit": "true"
        }
      },
      {
        "key": {
          "type": 0,
          "file": 2,
          "line": 55,
          "col": 3,
          "lit": "path"
        },
        "value": ""
      },
      {
        "key": {
          "type": 0,
          "file": 2,
          "line": 57,
          "col": 3,
          "lit": "clean"
        },
        "value": {
          "type": 0,
          "file": 2,
          "line": 59,
          "col": 14,
          "lit": "true"
        }
      },
      {
        "key": {
          "type": 0,
          "file": 2,
          "line": 60,
          "col": 3,
          "lit": "filter"
        },
        "value": {
          "type": 0,
          "file": 2,
          "line": 64,
          "col": 14,
          "lit": ""
        }
      },
      {
        "key": {
          "type": 0,
          "file": 2,
          "line": 65,
          "col": 3,
          "lit": "sparse-checkout"
        },
        "value": {
          "type": 0,
          "file": 2,
          "line": 69,
          "col": 14,
          "lit": ""
        }
      },
      {
        "key": {
          "type": 0,
          "file": 2,
          "line": 70,
          "col": 3,
          "lit": "sparse-checkout-cone-mode"
        },
        "value": {
          "type": 0,
          "file": 2,
          "line": 73,
          "col": 14,
          "lit": "true"
        }
      },
      {
        "key": {
          "type": 0,
          "file": 2,
          "line": 74,
          "col": 3,
          "lit": "fetch-depth"
        },
        "value": {
          "type": 0,
          "file": 2,
          "line": 76,
          "col": 14,
          "lit": "1"
        }
      },
      {
        "key": {
          "type": 0,
          "file": 2,
          "line": 77,
          "col": 3,
          "lit": "fetch-tags"
        },
        "value": {
          "type": 0,
          "file": 2,
          "line": 79,
          "col": 14,
          "lit": "false"
        }
      },
      {
        "key": {
          "type": 0,
          "file": 2,
          "line": 80,
          "col": 3,
          "lit": "show-progress"
        },
        "value": {
          "type": 0,
          "file": 2,
          "line": 82,
          "col": 14,
          "lit": "true"
        }
      },
      {
        "key": {
          "type": 0,
          "file": 2,
          "line": 83,
          "col": 3,
          "lit": "lfs"
        },
        "value": {
          "type": 0,
          "file": 2,
          "line": 85,
          "col": 14,
          "lit": "false"
        }
      },
      {
        "key": {
          "type": 0,
          "file": 2,
          "line": 86,
          "col": 3,
          "lit": "submodules"
        },
        "value": {
          "type": 0,
          "file": 2,
          "line": 94,
          "col": 14,
          "lit": "false"
        }
      },
      {
        "key": {
          "type": 0,
          "file": 2,
          "line": 95,
          "col": 3,
          "lit": "set-safe-directory"
        },
        "value": {
          "type": 0,
          "file": 2,
          "line": 97,
          "col": 14,
          "lit": "true"
        }
      },
      {
        "key": {
          "type": 0,
          "file": 2,
          "line": 98,
          "col": 3,
          "lit": "github-server-url"
        },
        "value": ""
      },
      {
        "key": {
          "type": 0,
          "file": 2,
          "line": 101,
          "col": 3,
          "lit": "allow-unsafe-pr-checkout"
        },
        "value": {
          "type": 0,
          "file": 2,
          "line": 109,
          "col": 14,
          "lit": "false"
        }
      }
    ]
  },
  "execution": {
    "executionType": "nodeJS",
    "hasPre": false,
    "hasPost": true,
    "script": "dist/index.js",
    "pre": null,
    "post": "dist/index.js",
    "nodeVersion": "node20",
    "cleanupCondition": "always()",
    "initCondition": "always()"
  },
  "deprecated": null
}
[2026-09-04 16:23:41Z INFO ActionManager] Action node.js file: dist/index.js, no more preparation.
[2026-09-04 16:23:41Z INFO HostContext] Well known directory 'Bin': 'C:\Users\leomi\CLionProjects\PrjING1SnoopyReuse\actions-runner\bin'
[2026-09-04 16:23:41Z INFO HostContext] Well known directory 'Root': 'C:\Users\leomi\CLionProjects\PrjING1SnoopyReuse\actions-runner'
[2026-09-04 16:23:41Z INFO HostContext] Well known directory 'Work': 'C:\Users\leomi\CLionProjects\PrjING1SnoopyReuse\actions-runner\_work'
[2026-09-04 16:23:41Z INFO HostContext] Well known directory 'Actions': 'C:\Users\leomi\CLionProjects\PrjING1SnoopyReuse\actions-runner\_work\_actions'
[2026-09-04 16:23:41Z INFO ActionManager] Load action that reference repository from 'C:\Users\leomi\CLionProjects\PrjING1SnoopyReuse\actions-runner\_work\_actions\actions\checkout\v4'
[2026-09-04 16:23:41Z INFO HostContext] Well known directory 'Bin': 'C:\Users\leomi\CLionProjects\PrjING1SnoopyReuse\actions-runner\bin'
[2026-09-04 16:23:41Z INFO HostContext] Well known directory 'Root': 'C:\Users\leomi\CLionProjects\PrjING1SnoopyReuse\actions-runner'
[2026-09-04 16:23:41Z INFO HostContext] Well known directory 'Work': 'C:\Users\leomi\CLionProjects\PrjING1SnoopyReuse\actions-runner\_work'
[2026-09-04 16:23:41Z INFO HostContext] Well known directory 'Actions': 'C:\Users\leomi\CLionProjects\PrjING1SnoopyReuse\actions-runner\_work\_actions'
[2026-09-04 16:23:41Z INFO ActionManifestManagerLegacy] Loaded action.yml file: {
  "name": "Checkout",
  "description": "Checkout a Git repository at a particular version",
  "inputs": {
    "type": 2,
    "map": [
      {
        "key": {
          "type": 0,
          "file": 2,
          "line": 4,
          "col": 3,
          "lit": "repository"
        },
        "value": {
          "type": 3,
          "file": 2,
          "line": 6,
          "col": 14,
          "expr": "github.repository"
        }
      },
      {
        "key": {
          "type": 0,
          "file": 2,
          "line": 7,
          "col": 3,
          "lit": "ref"
        },
        "value": ""
      },
      {
        "key": {
          "type": 0,
          "file": 2,
          "line": 12,
          "col": 3,
          "lit": "token"
        },
        "value": {
          "type": 3,
          "file": 2,
          "line": 24,
          "col": 14,
          "expr": "github.token"
        }
      },
      {
        "key": {
          "type": 0,
          "file": 2,
          "line": 25,
          "col": 3,
          "lit": "ssh-key"
        },
        "value": ""
      },
      {
        "key": {
          "type": 0,
          "file": 2,
          "line": 37,
          "col": 3,
          "lit": "ssh-known-hosts"
        },
        "value": ""
      },
      {
        "key": {
          "type": 0,
          "file": 2,
          "line": 42,
          "col": 3,
          "lit": "ssh-strict"
        },
        "value": {
          "type": 0,
          "file": 2,
          "line": 47,
          "col": 14,
          "lit": "true"
        }
      },
      {
        "key": {
          "type": 0,
          "file": 2,
          "line": 48,
          "col": 3,
          "lit": "ssh-user"
        },
        "value": {
          "type": 0,
          "file": 2,
          "line": 51,
          "col": 14,
          "lit": "git"
        }
      },
      {
        "key": {
          "type": 0,
          "file": 2,
          "line": 52,
          "col": 3,
          "lit": "persist-credentials"
        },
        "value": {
          "type": 0,
          "file": 2,
          "line": 54,
          "col": 14,
          "lit": "true"
        }
      },
      {
        "key": {
          "type": 0,
          "file": 2,
          "line": 55,
          "col": 3,
          "lit": "path"
        },
        "value": ""
      },
      {
        "key": {
          "type": 0,
          "file": 2,
          "line": 57,
          "col": 3,
          "lit": "clean"
        },
        "value": {
          "type": 0,
          "file": 2,
          "line": 59,
          "col": 14,
          "lit": "true"
        }
      },
      {
        "key": {
          "type": 0,
          "file": 2,
          "line": 60,
          "col": 3,
          "lit": "filter"
        },
        "value": {
          "type": 0,
          "file": 2,
          "line": 64,
          "col": 14,
          "lit": ""
        }
      },
      {
        "key": {
          "type": 0,
          "file": 2,
          "line": 65,
          "col": 3,
          "lit": "sparse-checkout"
        },
        "value": {
          "type": 0,
          "file": 2,
          "line": 69,
          "col": 14,
          "lit": ""
        }
      },
      {
        "key": {
          "type": 0,
          "file": 2,
          "line": 70,
          "col": 3,
          "lit": "sparse-checkout-cone-mode"
        },
        "value": {
          "type": 0,
          "file": 2,
          "line": 73,
          "col": 14,
          "lit": "true"
        }
      },
      {
        "key": {
          "type": 0,
          "file": 2,
          "line": 74,
          "col": 3,
          "lit": "fetch-depth"
        },
        "value": {
          "type": 0,
          "file": 2,
          "line": 76,
          "col": 14,
          "lit": "1"
        }
      },
      {
        "key": {
          "type": 0,
          "file": 2,
          "line": 77,
          "col": 3,
          "lit": "fetch-tags"
        },
        "value": {
          "type": 0,
          "file": 2,
          "line": 79,
          "col": 14,
          "lit": "false"
        }
      },
      {
        "key": {
          "type": 0,
          "file": 2,
          "line": 80,
          "col": 3,
          "lit": "show-progress"
        },
        "value": {
          "type": 0,
          "file": 2,
          "line": 82,
          "col": 14,
          "lit": "true"
        }
      },
      {
        "key": {
          "type": 0,
          "file": 2,
          "line": 83,
          "col": 3,
          "lit": "lfs"
        },
        "value": {
          "type": 0,
          "file": 2,
          "line": 85,
          "col": 14,
          "lit": "false"
        }
      },
      {
        "key": {
          "type": 0,
          "file": 2,
          "line": 86,
          "col": 3,
          "lit": "submodules"
        },
        "value": {
          "type": 0,
          "file": 2,
          "line": 94,
          "col": 14,
          "lit": "false"
        }
      },
      {
        "key": {
          "type": 0,
          "file": 2,
          "line": 95,
          "col": 3,
          "lit": "set-safe-directory"
        },
        "value": {
          "type": 0,
          "file": 2,
          "line": 97,
          "col": 14,
          "lit": "true"
        }
      },
      {
        "key": {
          "type": 0,
          "file": 2,
          "line": 98,
          "col": 3,
          "lit": "github-server-url"
        },
        "value": ""
      },
      {
        "key": {
          "type": 0,
          "file": 2,
          "line": 101,
          "col": 3,
          "lit": "allow-unsafe-pr-checkout"
        },
        "value": {
          "type": 0,
          "file": 2,
          "line": 109,
          "col": 14,
          "lit": "false"
        }
      }
    ]
  },
  "execution": {
    "executionType": "nodeJS",
    "hasPre": false,
    "hasPost": true,
    "script": "dist/index.js",
    "pre": null,
    "post": "dist/index.js",
    "nodeVersion": "node20",
    "cleanupCondition": "always()",
    "initCondition": "always()"
  },
  "deprecated": null
}
[2026-09-04 16:23:41Z INFO ActionManager] Action pre node.js file: N/A.
[2026-09-04 16:23:41Z INFO ActionManager] Action node.js file: dist/index.js.
[2026-09-04 16:23:41Z INFO ActionManager] Action post node.js file: dist/index.js.
[2026-09-04 16:23:41Z INFO HostContext] Well known directory 'Bin': 'C:\Users\leomi\CLionProjects\PrjING1SnoopyReuse\actions-runner\bin'
[2026-09-04 16:23:41Z INFO HostContext] Well known directory 'Root': 'C:\Users\leomi\CLionProjects\PrjING1SnoopyReuse\actions-runner'
[2026-09-04 16:23:41Z INFO HostContext] Well known directory 'Work': 'C:\Users\leomi\CLionProjects\PrjING1SnoopyReuse\actions-runner\_work'
[2026-09-04 16:23:41Z INFO HostContext] Well known directory 'Actions': 'C:\Users\leomi\CLionProjects\PrjING1SnoopyReuse\actions-runner\_work\_actions'
[2026-09-04 16:23:41Z INFO HostContext] Well known directory 'Bin': 'C:\Users\leomi\CLionProjects\PrjING1SnoopyReuse\actions-runner\bin'
[2026-09-04 16:23:41Z INFO HostContext] Well known directory 'Root': 'C:\Users\leomi\CLionProjects\PrjING1SnoopyReuse\actions-runner'
[2026-09-04 16:23:41Z INFO HostContext] Well known directory 'Work': 'C:\Users\leomi\CLionProjects\PrjING1SnoopyReuse\actions-runner\_work'
[2026-09-04 16:23:41Z INFO HostContext] Well known directory 'Actions': 'C:\Users\leomi\CLionProjects\PrjING1SnoopyReuse\actions-runner\_work\_actions'
[2026-09-04 16:23:41Z INFO ActionManifestManagerLegacy] Ignore action property branding.
[2026-09-04 16:23:41Z INFO ActionManifestManagerLegacy] Loaded action.yml file: {
  "name": "Setup MSYS2",
  "description": "Setup an MSYS2 environment",
  "inputs": {
    "type": 2,
    "map": [
      {
        "key": {
          "type": 0,
          "file": 3,
          "line": 7,
          "col": 3,
          "lit": "msystem"
        },
        "value": {
          "type": 0,
          "file": 3,
          "line": 10,
          "col": 14,
          "lit": "MINGW64"
        }
      },
      {
        "key": {
          "type": 0,
          "file": 3,
          "line": 11,
          "col": 3,
          "lit": "path-type"
        },
        "value": {
          "type": 0,
          "file": 3,
          "line": 14,
          "col": 14,
          "lit": "minimal"
        }
      },
      {
        "key": {
          "type": 0,
          "file": 3,
          "line": 15,
          "col": 3,
          "lit": "update"
        },
        "value": {
          "type": 0,
          "file": 3,
          "line": 18,
          "col": 14,
          "lit": "false"
        }
      },
      {
        "key": {
          "type": 0,
          "file": 3,
          "line": 19,
          "col": 3,
          "lit": "install"
        },
        "value": {
          "type": 0,
          "file": 3,
          "line": 22,
          "col": 14,
          "lit": ""
        }
      },
      {
        "key": {
          "type": 0,
          "file": 3,
          "line": 23,
          "col": 3,
          "lit": "pacboy"
        },
        "value": {
          "type": 0,
          "file": 3,
          "line": 26,
          "col": 14,
          "lit": ""
        }
      },
      {
        "key": {
          "type": 0,
          "file": 3,
          "line": 27,
          "col": 3,
          "lit": "release"
        },
        "value": {
          "type": 0,
          "file": 3,
          "line": 30,
          "col": 14,
          "lit": "true"
        }
      },
      {
        "key": {
          "type": 0,
          "file": 3,
          "line": 31,
          "col": 3,
          "lit": "location"
        },
        "value": {
          "type": 0,
          "file": 3,
          "line": 34,
          "col": 14,
          "lit": ""
        }
      },
      {
        "key": {
          "type": 0,
          "file": 3,
          "line": 35,
          "col": 3,
          "lit": "platform-check-severity"
        },
        "value": {
          "type": 0,
          "file": 3,
          "line": 38,
          "col": 14,
          "lit": "fatal"
        }
      },
      {
        "key": {
          "type": 0,
          "file": 3,
          "line": 39,
          "col": 3,
          "lit": "cache"
        },
        "value": {
          "type": 0,
          "file": 3,
          "line": 42,
          "col": 14,
          "lit": "true"
        }
      }
    ]
  },
  "execution": {
    "executionType": "nodeJS",
    "hasPre": false,
    "hasPost": false,
    "script": "index.js",
    "pre": null,
    "post": null,
    "nodeVersion": "node24",
    "cleanupCondition": "always()",
    "initCondition": "always()"
  },
  "deprecated": null
}
[2026-09-04 16:23:41Z INFO ActionManager] Action node.js file: index.js, no more preparation.
[2026-09-04 16:23:41Z INFO HostContext] Well known directory 'Bin': 'C:\Users\leomi\CLionProjects\PrjING1SnoopyReuse\actions-runner\bin'
[2026-09-04 16:23:41Z INFO HostContext] Well known directory 'Root': 'C:\Users\leomi\CLionProjects\PrjING1SnoopyReuse\actions-runner'
[2026-09-04 16:23:41Z INFO HostContext] Well known directory 'Work': 'C:\Users\leomi\CLionProjects\PrjING1SnoopyReuse\actions-runner\_work'
[2026-09-04 16:23:41Z INFO HostContext] Well known directory 'Actions': 'C:\Users\leomi\CLionProjects\PrjING1SnoopyReuse\actions-runner\_work\_actions'
[2026-09-04 16:23:41Z INFO ActionManager] Load action that reference repository from 'C:\Users\leomi\CLionProjects\PrjING1SnoopyReuse\actions-runner\_work\_actions\msys2\setup-msys2\v2'
[2026-09-04 16:23:41Z INFO HostContext] Well known directory 'Bin': 'C:\Users\leomi\CLionProjects\PrjING1SnoopyReuse\actions-runner\bin'
[2026-09-04 16:23:41Z INFO HostContext] Well known directory 'Root': 'C:\Users\leomi\CLionProjects\PrjING1SnoopyReuse\actions-runner'
[2026-09-04 16:23:41Z INFO HostContext] Well known directory 'Work': 'C:\Users\leomi\CLionProjects\PrjING1SnoopyReuse\actions-runner\_work'
[2026-09-04 16:23:41Z INFO HostContext] Well known directory 'Actions': 'C:\Users\leomi\CLionProjects\PrjING1SnoopyReuse\actions-runner\_work\_actions'
[2026-09-04 16:23:41Z INFO ActionManifestManagerLegacy] Ignore action property branding.
[2026-09-04 16:23:41Z INFO ActionManifestManagerLegacy] Loaded action.yml file: {
  "name": "Setup MSYS2",
  "description": "Setup an MSYS2 environment",
  "inputs": {
    "type": 2,
    "map": [
      {
        "key": {
          "type": 0,
          "file": 3,
          "line": 7,
          "col": 3,
          "lit": "msystem"
        },
        "value": {
          "type": 0,
          "file": 3,
          "line": 10,
          "col": 14,
          "lit": "MINGW64"
        }
      },
      {
        "key": {
          "type": 0,
          "file": 3,
          "line": 11,
          "col": 3,
          "lit": "path-type"
        },
        "value": {
          "type": 0,
          "file": 3,
          "line": 14,
          "col": 14,
          "lit": "minimal"
        }
      },
      {
        "key": {
          "type": 0,
          "file": 3,
          "line": 15,
          "col": 3,
          "lit": "update"
        },
        "value": {
          "type": 0,
          "file": 3,
          "line": 18,
          "col": 14,
          "lit": "false"
        }
      },
      {
        "key": {
          "type": 0,
          "file": 3,
          "line": 19,
          "col": 3,
          "lit": "install"
        },
        "value": {
          "type": 0,
          "file": 3,
          "line": 22,
          "col": 14,
          "lit": ""
        }
      },
      {
        "key": {
          "type": 0,
          "file": 3,
          "line": 23,
          "col": 3,
          "lit": "pacboy"
        },
        "value": {
          "type": 0,
          "file": 3,
          "line": 26,
          "col": 14,
          "lit": ""
        }
      },
      {
        "key": {
          "type": 0,
          "file": 3,
          "line": 27,
          "col": 3,
          "lit": "release"
        },
        "value": {
          "type": 0,
          "file": 3,
          "line": 30,
          "col": 14,
          "lit": "true"
        }
      },
      {
        "key": {
          "type": 0,
          "file": 3,
          "line": 31,
          "col": 3,
          "lit": "location"
        },
        "value": {
          "type": 0,
          "file": 3,
          "line": 34,
          "col": 14,
          "lit": ""
        }
      },
      {
        "key": {
          "type": 0,
          "file": 3,
          "line": 35,
          "col": 3,
          "lit": "platform-check-severity"
        },
        "value": {
          "type": 0,
          "file": 3,
          "line": 38,
          "col": 14,
          "lit": "fatal"
        }
      },
      {
        "key": {
          "type": 0,
          "file": 3,
          "line": 39,
          "col": 3,
          "lit": "cache"
        },
        "value": {
          "type": 0,
          "file": 3,
          "line": 42,
          "col": 14,
          "lit": "true"
        }
      }
    ]
  },
  "execution": {
    "executionType": "nodeJS",
    "hasPre": false,
    "hasPost": false,
    "script": "index.js",
    "pre": null,
    "post": null,
    "nodeVersion": "node24",
    "cleanupCondition": "always()",
    "initCondition": "always()"
  },
  "deprecated": null
}
[2026-09-04 16:23:41Z INFO ActionManager] Action pre node.js file: N/A.
[2026-09-04 16:23:41Z INFO ActionManager] Action node.js file: index.js.
[2026-09-04 16:23:41Z INFO ActionManager] Action post node.js file: N/A.
[2026-09-04 16:23:41Z INFO JobExtension] Adding .
[2026-09-04 16:23:41Z INFO JobExtension] Adding .
[2026-09-04 16:23:41Z INFO JobExtension] Adding .
[2026-09-04 16:23:41Z INFO JobExtension] Adding .
[2026-09-04 16:23:41Z INFO HostContext] Well known directory 'Bin': 'C:\Users\leomi\CLionProjects\PrjING1SnoopyReuse\actions-runner\bin'
[2026-09-04 16:23:41Z INFO HostContext] Well known directory 'Root': 'C:\Users\leomi\CLionProjects\PrjING1SnoopyReuse\actions-runner'
[2026-09-04 16:23:41Z INFO HostContext] Well known directory 'Diag': 'C:\Users\leomi\CLionProjects\PrjING1SnoopyReuse\actions-runner\_diag'
[2026-09-04 16:23:41Z INFO HostContext] Well known directory 'Bin': 'C:\Users\leomi\CLionProjects\PrjING1SnoopyReuse\actions-runner\bin'
[2026-09-04 16:23:41Z INFO HostContext] Well known directory 'Root': 'C:\Users\leomi\CLionProjects\PrjING1SnoopyReuse\actions-runner'
[2026-09-04 16:23:41Z INFO HostContext] Well known directory 'Diag': 'C:\Users\leomi\CLionProjects\PrjING1SnoopyReuse\actions-runner\_diag'
[2026-09-04 16:23:41Z INFO HostContext] Well known directory 'Bin': 'C:\Users\leomi\CLionProjects\PrjING1SnoopyReuse\actions-runner\bin'
[2026-09-04 16:23:41Z INFO HostContext] Well known directory 'Root': 'C:\Users\leomi\CLionProjects\PrjING1SnoopyReuse\actions-runner'
[2026-09-04 16:23:41Z INFO HostContext] Well known directory 'Diag': 'C:\Users\leomi\CLionProjects\PrjING1SnoopyReuse\actions-runner\_diag'
[2026-09-04 16:23:41Z INFO HostContext] Well known directory 'Bin': 'C:\Users\leomi\CLionProjects\PrjING1SnoopyReuse\actions-runner\bin'
[2026-09-04 16:23:41Z INFO HostContext] Well known directory 'Root': 'C:\Users\leomi\CLionProjects\PrjING1SnoopyReuse\actions-runner'
[2026-09-04 16:23:41Z INFO HostContext] Well known directory 'Diag': 'C:\Users\leomi\CLionProjects\PrjING1SnoopyReuse\actions-runner\_diag'
[2026-09-04 16:23:41Z INFO HostContext] Well known directory 'Bin': 'C:\Users\leomi\CLionProjects\PrjING1SnoopyReuse\actions-runner\bin'
[2026-09-04 16:23:41Z INFO HostContext] Well known directory 'Root': 'C:\Users\leomi\CLionProjects\PrjING1SnoopyReuse\actions-runner'
[2026-09-04 16:23:41Z INFO HostContext] Well known directory 'Diag': 'C:\Users\leomi\CLionProjects\PrjING1SnoopyReuse\actions-runner\_diag'
[2026-09-04 16:23:41Z INFO HostContext] Well known directory 'Bin': 'C:\Users\leomi\CLionProjects\PrjING1SnoopyReuse\actions-runner\bin'
[2026-09-04 16:23:41Z INFO HostContext] Well known directory 'Root': 'C:\Users\leomi\CLionProjects\PrjING1SnoopyReuse\actions-runner'
[2026-09-04 16:23:41Z INFO HostContext] Well known directory 'Diag': 'C:\Users\leomi\CLionProjects\PrjING1SnoopyReuse\actions-runner\_diag'
[2026-09-04 16:23:41Z INFO HostContext] Well known directory 'Bin': 'C:\Users\leomi\CLionProjects\PrjING1SnoopyReuse\actions-runner\bin'
[2026-09-04 16:23:41Z INFO HostContext] Well known directory 'Root': 'C:\Users\leomi\CLionProjects\PrjING1SnoopyReuse\actions-runner'
[2026-09-04 16:23:41Z INFO HostContext] Well known directory 'Diag': 'C:\Users\leomi\CLionProjects\PrjING1SnoopyReuse\actions-runner\_diag'
[2026-09-04 16:23:41Z INFO HostContext] Well known directory 'Bin': 'C:\Users\leomi\CLionProjects\PrjING1SnoopyReuse\actions-runner\bin'
[2026-09-04 16:23:41Z INFO HostContext] Well known directory 'Root': 'C:\Users\leomi\CLionProjects\PrjING1SnoopyReuse\actions-runner'
[2026-09-04 16:23:41Z INFO HostContext] Well known directory 'Diag': 'C:\Users\leomi\CLionProjects\PrjING1SnoopyReuse\actions-runner\_diag'
[2026-09-04 16:23:41Z INFO JobExtension] Total accessible running process: 276.
[2026-09-04 16:23:41Z INFO HostContext] Well known directory 'Bin': 'C:\Users\leomi\CLionProjects\PrjING1SnoopyReuse\actions-runner\bin'
[2026-09-04 16:23:41Z INFO HostContext] Well known directory 'Root': 'C:\Users\leomi\CLionProjects\PrjING1SnoopyReuse\actions-runner'
[2026-09-04 16:23:41Z INFO HostContext] Well known directory 'Work': 'C:\Users\leomi\CLionProjects\PrjING1SnoopyReuse\actions-runner\_work'
[2026-09-04 16:23:41Z INFO JobExtension] Start checking server connectivity.
[2026-09-04 16:23:41Z INFO JobExtension] Check server connectivity for https://broker.actions.githubusercontent.com/health.
[2026-09-04 16:23:41Z INFO JobExtension] Check server connectivity for https://token.actions.githubusercontent.com/ready.
[2026-09-04 16:23:41Z INFO JobExtension] Check server connectivity for https://run.actions.githubusercontent.com/health.
[2026-09-04 16:23:41Z INFO JobExtension] Start checking server connectivity and DNS.
[2026-09-04 16:23:41Z INFO JobExtension] Check server connectivity for https://github.com/_dns.
[2026-09-04 16:23:41Z INFO JobExtension] Check server connectivity for https://api.github.com/_dns.
[2026-09-04 16:23:41Z INFO JobExtension] Check server connectivity for https://codeload.github.com/_dns.
[2026-09-04 16:23:41Z INFO JobExtension] Check server connectivity for https://pkg.github.com/_dns.
[2026-09-04 16:23:41Z INFO JobExtension] Check server connectivity for https://copilot-proxy.githubusercontent.com/_dns.
[2026-09-04 16:23:41Z INFO JobExtension] Start checking service connectivity in background.
[2026-09-04 16:23:41Z INFO ExecutionContext] Publish step telemetry for current step {
  "action": "setup_job",
  "type": "runner",
  "stage": "Pre",
  "stepId": "2c57097c-6bb7-45c0-85d1-b35079c77d23",
  "result": "succeeded",
  "errorMessages": [],
  "executionTimeInSeconds": 2,
  "startTime": "2026-09-04T16:23:39.7745907Z",
  "finishTime": "2026-09-04T16:23:41.6254314Z"
}.
[2026-09-04 16:23:41Z INFO JobRunner] Total job steps: 4.
[2026-09-04 16:23:41Z INFO JobRunner] Run all job steps.
[2026-09-04 16:23:41Z INFO DapDebugger] DapDebugger initialized
[2026-09-04 16:23:41Z INFO StepsRunner] Processing step: DisplayName='Run actions/checkout@v4'
[2026-09-04 16:23:41Z INFO StepsRunner] Evaluating: success()
[2026-09-04 16:23:41Z INFO StepsRunner] Result: true
[2026-09-04 16:23:41Z INFO StepsRunner] Starting the step.
[2026-09-04 16:23:41Z INFO HostContext] Well known directory 'Bin': 'C:\Users\leomi\CLionProjects\PrjING1SnoopyReuse\actions-runner\bin'
[2026-09-04 16:23:41Z INFO HostContext] Well known directory 'Root': 'C:\Users\leomi\CLionProjects\PrjING1SnoopyReuse\actions-runner'
[2026-09-04 16:23:41Z INFO HostContext] Well known directory 'Work': 'C:\Users\leomi\CLionProjects\PrjING1SnoopyReuse\actions-runner\_work'
[2026-09-04 16:23:41Z INFO StepsRunner] Which2: 'chcp'
[2026-09-04 16:23:41Z INFO StepsRunner] Location: 'C:\WINDOWS\system32\chcp.COM'
[2026-09-04 16:23:41Z INFO JobServerQueue] Try to append 1 batches web console lines for record '2c57097c-6bb7-45c0-85d1-b35079c77d23', success rate: 1/1.
[2026-09-04 16:23:41Z INFO ProcessInvokerWrapper] Starting process:
[2026-09-04 16:23:41Z INFO ProcessInvokerWrapper]   File name: 'C:\WINDOWS\system32\chcp.COM'
[2026-09-04 16:23:41Z INFO ProcessInvokerWrapper]   Arguments: '65001'
[2026-09-04 16:23:41Z INFO ProcessInvokerWrapper]   Working directory: 'C:\Users\leomi\CLionProjects\PrjING1SnoopyReuse\actions-runner\_work'
[2026-09-04 16:23:41Z INFO ProcessInvokerWrapper]   Require exit code zero: 'False'
[2026-09-04 16:23:41Z INFO ProcessInvokerWrapper]   Encoding web name:  ; code page: ''
[2026-09-04 16:23:41Z INFO ProcessInvokerWrapper]   Force kill process on cancellation: 'False'
[2026-09-04 16:23:41Z INFO ProcessInvokerWrapper]   Redirected STDIN: 'False'
[2026-09-04 16:23:41Z INFO ProcessInvokerWrapper]   Persist current code page: 'True'
[2026-09-04 16:23:41Z INFO ProcessInvokerWrapper]   Keep redirected STDIN open: 'False'
[2026-09-04 16:23:41Z INFO ProcessInvokerWrapper]   High priority process: 'False'
[2026-09-04 16:23:41Z INFO ProcessInvokerWrapper] Process started with process id 1396, waiting for process exit.
[2026-09-04 16:23:41Z INFO ProcessInvokerWrapper] STDOUT/STDERR stream read finished.
[2026-09-04 16:23:41Z INFO ProcessInvokerWrapper] STDOUT/STDERR stream read finished.
[2026-09-04 16:23:41Z INFO ProcessInvokerWrapper] Finished process 1396 with exit code 0, and elapsed time 00:00:00.0325168.
[2026-09-04 16:23:41Z INFO StepsRunner] Successfully returned to code page 65001 (UTF8)
[2026-09-04 16:23:41Z INFO HostContext] Well known directory 'Bin': 'C:\Users\leomi\CLionProjects\PrjING1SnoopyReuse\actions-runner\bin'
[2026-09-04 16:23:41Z INFO HostContext] Well known directory 'Root': 'C:\Users\leomi\CLionProjects\PrjING1SnoopyReuse\actions-runner'
[2026-09-04 16:23:41Z INFO HostContext] Well known directory 'Work': 'C:\Users\leomi\CLionProjects\PrjING1SnoopyReuse\actions-runner\_work'
[2026-09-04 16:23:41Z INFO HostContext] Well known directory 'Actions': 'C:\Users\leomi\CLionProjects\PrjING1SnoopyReuse\actions-runner\_work\_actions'
[2026-09-04 16:23:41Z INFO ActionManager] Load action that reference repository from 'C:\Users\leomi\CLionProjects\PrjING1SnoopyReuse\actions-runner\_work\_actions\actions\checkout\v4'
[2026-09-04 16:23:41Z INFO HostContext] Well known directory 'Bin': 'C:\Users\leomi\CLionProjects\PrjING1SnoopyReuse\actions-runner\bin'
[2026-09-04 16:23:41Z INFO HostContext] Well known directory 'Root': 'C:\Users\leomi\CLionProjects\PrjING1SnoopyReuse\actions-runner'
[2026-09-04 16:23:41Z INFO HostContext] Well known directory 'Work': 'C:\Users\leomi\CLionProjects\PrjING1SnoopyReuse\actions-runner\_work'
[2026-09-04 16:23:41Z INFO HostContext] Well known directory 'Actions': 'C:\Users\leomi\CLionProjects\PrjING1SnoopyReuse\actions-runner\_work\_actions'
[2026-09-04 16:23:41Z INFO ActionManifestManagerLegacy] Loaded action.yml file: {
  "name": "Checkout",
  "description": "Checkout a Git repository at a particular version",
  "inputs": {
    "type": 2,
    "map": [
      {
        "key": {
          "type": 0,
          "file": 2,
          "line": 4,
          "col": 3,
          "lit": "repository"
        },
        "value": {
          "type": 3,
          "file": 2,
          "line": 6,
          "col": 14,
          "expr": "github.repository"
        }
      },
      {
        "key": {
          "type": 0,
          "file": 2,
          "line": 7,
          "col": 3,
          "lit": "ref"
        },
        "value": ""
      },
      {
        "key": {
          "type": 0,
          "file": 2,
          "line": 12,
          "col": 3,
          "lit": "token"
        },
        "value": {
          "type": 3,
          "file": 2,
          "line": 24,
          "col": 14,
          "expr": "github.token"
        }
      },
      {
        "key": {
          "type": 0,
          "file": 2,
          "line": 25,
          "col": 3,
          "lit": "ssh-key"
        },
        "value": ""
      },
      {
        "key": {
          "type": 0,
          "file": 2,
          "line": 37,
          "col": 3,
          "lit": "ssh-known-hosts"
        },
        "value": ""
      },
      {
        "key": {
          "type": 0,
          "file": 2,
          "line": 42,
          "col": 3,
          "lit": "ssh-strict"
        },
        "value": {
          "type": 0,
          "file": 2,
          "line": 47,
          "col": 14,
          "lit": "true"
        }
      },
      {
        "key": {
          "type": 0,
          "file": 2,
          "line": 48,
          "col": 3,
          "lit": "ssh-user"
        },
        "value": {
          "type": 0,
          "file": 2,
          "line": 51,
          "col": 14,
          "lit": "git"
        }
      },
      {
        "key": {
          "type": 0,
          "file": 2,
          "line": 52,
          "col": 3,
          "lit": "persist-credentials"
        },
        "value": {
          "type": 0,
          "file": 2,
          "line": 54,
          "col": 14,
          "lit": "true"
        }
      },
      {
        "key": {
          "type": 0,
          "file": 2,
          "line": 55,
          "col": 3,
          "lit": "path"
        },
        "value": ""
      },
      {
        "key": {
          "type": 0,
          "file": 2,
          "line": 57,
          "col": 3,
          "lit": "clean"
        },
        "value": {
          "type": 0,
          "file": 2,
          "line": 59,
          "col": 14,
          "lit": "true"
        }
      },
      {
        "key": {
          "type": 0,
          "file": 2,
          "line": 60,
          "col": 3,
          "lit": "filter"
        },
        "value": {
          "type": 0,
          "file": 2,
          "line": 64,
          "col": 14,
          "lit": ""
        }
      },
      {
        "key": {
          "type": 0,
          "file": 2,
          "line": 65,
          "col": 3,
          "lit": "sparse-checkout"
        },
        "value": {
          "type": 0,
          "file": 2,
          "line": 69,
          "col": 14,
          "lit": ""
        }
      },
      {
        "key": {
          "type": 0,
          "file": 2,
          "line": 70,
          "col": 3,
          "lit": "sparse-checkout-cone-mode"
        },
        "value": {
          "type": 0,
          "file": 2,
          "line": 73,
          "col": 14,
          "lit": "true"
        }
      },
      {
        "key": {
          "type": 0,
          "file": 2,
          "line": 74,
          "col": 3,
          "lit": "fetch-depth"
        },
        "value": {
          "type": 0,
          "file": 2,
          "line": 76,
          "col": 14,
          "lit": "1"
        }
      },
      {
        "key": {
          "type": 0,
          "file": 2,
          "line": 77,
          "col": 3,
          "lit": "fetch-tags"
        },
        "value": {
          "type": 0,
          "file": 2,
          "line": 79,
          "col": 14,
          "lit": "false"
        }
      },
      {
        "key": {
          "type": 0,
          "file": 2,
          "line": 80,
          "col": 3,
          "lit": "show-progress"
        },
        "value": {
          "type": 0,
          "file": 2,
          "line": 82,
          "col": 14,
          "lit": "true"
        }
      },
      {
        "key": {
          "type": 0,
          "file": 2,
          "line": 83,
          "col": 3,
          "lit": "lfs"
        },
        "value": {
          "type": 0,
          "file": 2,
          "line": 85,
          "col": 14,
          "lit": "false"
        }
      },
      {
        "key": {
          "type": 0,
          "file": 2,
          "line": 86,
          "col": 3,
          "lit": "submodules"
        },
        "value": {
          "type": 0,
          "file": 2,
          "line": 94,
          "col": 14,
          "lit": "false"
        }
      },
      {
        "key": {
          "type": 0,
          "file": 2,
          "line": 95,
          "col": 3,
          "lit": "set-safe-directory"
        },
        "value": {
          "type": 0,
          "file": 2,
          "line": 97,
          "col": 14,
          "lit": "true"
        }
      },
      {
        "key": {
          "type": 0,
          "file": 2,
          "line": 98,
          "col": 3,
          "lit": "github-server-url"
        },
        "value": ""
      },
      {
        "key": {
          "type": 0,
          "file": 2,
          "line": 101,
          "col": 3,
          "lit": "allow-unsafe-pr-checkout"
        },
        "value": {
          "type": 0,
          "file": 2,
          "line": 109,
          "col": 14,
          "lit": "false"
        }
      }
    ]
  },
  "execution": {
    "executionType": "nodeJS",
    "hasPre": false,
    "hasPost": true,
    "script": "dist/index.js",
    "pre": null,
    "post": "dist/index.js",
    "nodeVersion": "node20",
    "cleanupCondition": "always()",
    "initCondition": "always()"
  },
  "deprecated": null
}
[2026-09-04 16:23:41Z INFO ActionManager] Action pre node.js file: N/A.
[2026-09-04 16:23:41Z INFO ActionManager] Action node.js file: dist/index.js.
[2026-09-04 16:23:41Z INFO ActionManager] Action post node.js file: dist/index.js.
[2026-09-04 16:23:41Z INFO ExecutionContext] Reserve record order 6 to 10 for post job actions.
[2026-09-04 16:23:41Z INFO HostContext] Well known directory 'Bin': 'C:\Users\leomi\CLionProjects\PrjING1SnoopyReuse\actions-runner\bin'
[2026-09-04 16:23:41Z INFO HostContext] Well known directory 'Root': 'C:\Users\leomi\CLionProjects\PrjING1SnoopyReuse\actions-runner'
[2026-09-04 16:23:41Z INFO HostContext] Well known directory 'Diag': 'C:\Users\leomi\CLionProjects\PrjING1SnoopyReuse\actions-runner\_diag'
[2026-09-04 16:23:41Z INFO HostContext] Well known directory 'Bin': 'C:\Users\leomi\CLionProjects\PrjING1SnoopyReuse\actions-runner\bin'
[2026-09-04 16:23:41Z INFO HostContext] Well known directory 'Root': 'C:\Users\leomi\CLionProjects\PrjING1SnoopyReuse\actions-runner'
[2026-09-04 16:23:41Z INFO HostContext] Well known directory 'Diag': 'C:\Users\leomi\CLionProjects\PrjING1SnoopyReuse\actions-runner\_diag'
[2026-09-04 16:23:41Z INFO HostContext] Well known directory 'Bin': 'C:\Users\leomi\CLionProjects\PrjING1SnoopyReuse\actions-runner\bin'
[2026-09-04 16:23:41Z INFO HostContext] Well known directory 'Root': 'C:\Users\leomi\CLionProjects\PrjING1SnoopyReuse\actions-runner'
[2026-09-04 16:23:41Z INFO HostContext] Well known directory 'Work': 'C:\Users\leomi\CLionProjects\PrjING1SnoopyReuse\actions-runner\_work'
[2026-09-04 16:23:41Z INFO HostContext] Well known directory 'Temp': 'C:\Users\leomi\CLionProjects\PrjING1SnoopyReuse\actions-runner\_work\_temp'
[2026-09-04 16:23:41Z INFO ExecutionContext] Write event payload to C:\Users\leomi\CLionProjects\PrjING1SnoopyReuse\actions-runner\_work\_temp\_github_workflow\event.json
[2026-09-04 16:23:41Z INFO HostContext] Well known directory 'Bin': 'C:\Users\leomi\CLionProjects\PrjING1SnoopyReuse\actions-runner\bin'
[2026-09-04 16:23:41Z INFO HostContext] Well known directory 'Root': 'C:\Users\leomi\CLionProjects\PrjING1SnoopyReuse\actions-runner'
[2026-09-04 16:23:41Z INFO HostContext] Well known directory 'Work': 'C:\Users\leomi\CLionProjects\PrjING1SnoopyReuse\actions-runner\_work'
[2026-09-04 16:23:41Z INFO HostContext] Well known directory 'Temp': 'C:\Users\leomi\CLionProjects\PrjING1SnoopyReuse\actions-runner\_work\_temp'
[2026-09-04 16:23:41Z INFO ExtensionManager] Getting extensions for interface: 'GitHub.Runner.Worker.IFileCommandExtension'
[2026-09-04 16:23:41Z INFO ExtensionManager] Creating instance: GitHub.Runner.Worker.AddPathFileCommand, Runner.Worker
[2026-09-04 16:23:41Z INFO ExtensionManager] Creating instance: GitHub.Runner.Worker.SetEnvFileCommand, Runner.Worker
[2026-09-04 16:23:41Z INFO ExtensionManager] Creating instance: GitHub.Runner.Worker.CreateStepSummaryCommand, Runner.Worker
[2026-09-04 16:23:41Z INFO ExtensionManager] Creating instance: GitHub.Runner.Worker.SaveStateFileCommand, Runner.Worker
[2026-09-04 16:23:41Z INFO ExtensionManager] Creating instance: GitHub.Runner.Worker.SetOutputFileCommand, Runner.Worker
[2026-09-04 16:23:41Z INFO ExtensionManager] Creating instance: GitHub.Runner.Worker.CreateArtifactsFileCommand, Runner.Worker
[2026-09-04 16:23:41Z INFO ExtensionManager] Creating instance: GitHub.Runner.Worker.ArtifactsListFileCommand, Runner.Worker
[2026-09-04 16:23:41Z INFO ActionManifestManagerLegacy] Input 'repository': default value evaluate result: {
  "type": 0,
  "file": 2,
  "line": 6,
  "col": 14,
  "lit": "leomichard/PrjING1SnoopyReuse"
}
[2026-09-04 16:23:41Z INFO ActionManifestManagerLegacy] Input 'ref': default value evaluate result: ""
[2026-09-04 16:23:41Z INFO ActionManifestManagerLegacy] Input 'token': default value evaluate result: {
  "type": 0,
  "file": 2,
  "line": 24,
  "col": 14,
  "lit": "***"
}
[2026-09-04 16:23:41Z INFO ActionManifestManagerLegacy] Input 'ssh-key': default value evaluate result: ""
[2026-09-04 16:23:41Z INFO ActionManifestManagerLegacy] Input 'ssh-known-hosts': default value evaluate result: ""
[2026-09-04 16:23:41Z INFO ActionManifestManagerLegacy] Input 'ssh-strict': default value evaluate result: {
  "type": 0,
  "file": 2,
  "line": 47,
  "col": 14,
  "lit": "true"
}
[2026-09-04 16:23:41Z INFO ActionManifestManagerLegacy] Input 'ssh-user': default value evaluate result: {
  "type": 0,
  "file": 2,
  "line": 51,
  "col": 14,
  "lit": "git"
}
[2026-09-04 16:23:41Z INFO ActionManifestManagerLegacy] Input 'persist-credentials': default value evaluate result: {
  "type": 0,
  "file": 2,
  "line": 54,
  "col": 14,
  "lit": "true"
}
[2026-09-04 16:23:41Z INFO ActionManifestManagerLegacy] Input 'path': default value evaluate result: ""
[2026-09-04 16:23:41Z INFO ActionManifestManagerLegacy] Input 'clean': default value evaluate result: {
  "type": 0,
  "file": 2,
  "line": 59,
  "col": 14,
  "lit": "true"
}
[2026-09-04 16:23:41Z INFO ActionManifestManagerLegacy] Input 'filter': default value evaluate result: {
  "type": 0,
  "file": 2,
  "line": 64,
  "col": 14,
  "lit": ""
}
[2026-09-04 16:23:41Z INFO ActionManifestManagerLegacy] Input 'sparse-checkout': default value evaluate result: {
  "type": 0,
  "file": 2,
  "line": 69,
  "col": 14,
  "lit": ""
}
[2026-09-04 16:23:41Z INFO ActionManifestManagerLegacy] Input 'sparse-checkout-cone-mode': default value evaluate result: {
  "type": 0,
  "file": 2,
  "line": 73,
  "col": 14,
  "lit": "true"
}
[2026-09-04 16:23:41Z INFO ActionManifestManagerLegacy] Input 'fetch-depth': default value evaluate result: {
  "type": 0,
  "file": 2,
  "line": 76,
  "col": 14,
  "lit": "1"
}
[2026-09-04 16:23:41Z INFO ActionManifestManagerLegacy] Input 'fetch-tags': default value evaluate result: {
  "type": 0,
  "file": 2,
  "line": 79,
  "col": 14,
  "lit": "false"
}
[2026-09-04 16:23:41Z INFO ActionManifestManagerLegacy] Input 'show-progress': default value evaluate result: {
  "type": 0,
  "file": 2,
  "line": 82,
  "col": 14,
  "lit": "true"
}
[2026-09-04 16:23:41Z INFO ActionManifestManagerLegacy] Input 'lfs': default value evaluate result: {
  "type": 0,
  "file": 2,
  "line": 85,
  "col": 14,
  "lit": "false"
}
[2026-09-04 16:23:41Z INFO ActionManifestManagerLegacy] Input 'submodules': default value evaluate result: {
  "type": 0,
  "file": 2,
  "line": 94,
  "col": 14,
  "lit": "false"
}
[2026-09-04 16:23:41Z INFO ActionManifestManagerLegacy] Input 'set-safe-directory': default value evaluate result: {
  "type": 0,
  "file": 2,
  "line": 97,
  "col": 14,
  "lit": "true"
}
[2026-09-04 16:23:41Z INFO ActionManifestManagerLegacy] Input 'github-server-url': default value evaluate result: ""
[2026-09-04 16:23:41Z INFO ActionManifestManagerLegacy] Input 'allow-unsafe-pr-checkout': default value evaluate result: {
  "type": 0,
  "file": 2,
  "line": 109,
  "col": 14,
  "lit": "false"
}
[2026-09-04 16:23:41Z INFO ExtensionManager] Getting extensions for interface: 'GitHub.Runner.Worker.IActionCommandExtension'
[2026-09-04 16:23:41Z INFO ExtensionManager] Creating instance: GitHub.Runner.Worker.InternalPluginSetRepoPathCommandExtension, Runner.Worker
[2026-09-04 16:23:41Z INFO ExtensionManager] Creating instance: GitHub.Runner.Worker.SetEnvCommandExtension, Runner.Worker
[2026-09-04 16:23:41Z INFO ExtensionManager] Creating instance: GitHub.Runner.Worker.SetOutputCommandExtension, Runner.Worker
[2026-09-04 16:23:41Z INFO ExtensionManager] Creating instance: GitHub.Runner.Worker.SaveStateCommandExtension, Runner.Worker
[2026-09-04 16:23:41Z INFO ExtensionManager] Creating instance: GitHub.Runner.Worker.AddPathCommandExtension, Runner.Worker
[2026-09-04 16:23:41Z INFO ExtensionManager] Creating instance: GitHub.Runner.Worker.AddMaskCommandExtension, Runner.Worker
[2026-09-04 16:23:41Z INFO ExtensionManager] Creating instance: GitHub.Runner.Worker.AddMatcherCommandExtension, Runner.Worker
[2026-09-04 16:23:41Z INFO ExtensionManager] Creating instance: GitHub.Runner.Worker.RemoveMatcherCommandExtension, Runner.Worker
[2026-09-04 16:23:41Z INFO ExtensionManager] Creating instance: GitHub.Runner.Worker.WarningCommandExtension, Runner.Worker
[2026-09-04 16:23:41Z INFO ExtensionManager] Creating instance: GitHub.Runner.Worker.ErrorCommandExtension, Runner.Worker
[2026-09-04 16:23:41Z INFO ExtensionManager] Creating instance: GitHub.Runner.Worker.NoticeCommandExtension, Runner.Worker
[2026-09-04 16:23:41Z INFO ExtensionManager] Creating instance: GitHub.Runner.Worker.DebugCommandExtension, Runner.Worker
[2026-09-04 16:23:41Z INFO ExtensionManager] Creating instance: GitHub.Runner.Worker.GroupCommandExtension, Runner.Worker
[2026-09-04 16:23:41Z INFO ExtensionManager] Creating instance: GitHub.Runner.Worker.EndGroupCommandExtension, Runner.Worker
[2026-09-04 16:23:41Z INFO ExtensionManager] Creating instance: GitHub.Runner.Worker.EchoCommandExtension, Runner.Worker
[2026-09-04 16:23:41Z INFO ActionCommandManager] Register action command extension for command internal-set-repo-path
[2026-09-04 16:23:41Z INFO ActionCommandManager] Register action command extension for command set-env
[2026-09-04 16:23:41Z INFO ActionCommandManager] Register action command extension for command set-output
[2026-09-04 16:23:41Z INFO ActionCommandManager] Register action command extension for command save-state
[2026-09-04 16:23:41Z INFO ActionCommandManager] Register action command extension for command add-path
[2026-09-04 16:23:41Z INFO ActionCommandManager] Register action command extension for command add-mask
[2026-09-04 16:23:41Z INFO ActionCommandManager] Register action command extension for command add-matcher
[2026-09-04 16:23:41Z INFO ActionCommandManager] Register action command extension for command remove-matcher
[2026-09-04 16:23:41Z INFO ActionCommandManager] Register action command extension for command warning
[2026-09-04 16:23:41Z INFO ActionCommandManager] Register action command extension for command error
[2026-09-04 16:23:41Z INFO ActionCommandManager] Register action command extension for command notice
[2026-09-04 16:23:41Z INFO ActionCommandManager] Register action command extension for command debug
[2026-09-04 16:23:41Z INFO ActionCommandManager] Register action command extension for command group
[2026-09-04 16:23:41Z INFO ActionCommandManager] Register action command extension for command endgroup
[2026-09-04 16:23:41Z INFO ActionCommandManager] Register action command extension for command echo
[2026-09-04 16:23:41Z INFO JobServerQueue] Got a step log file to send to results service.
[2026-09-04 16:23:41Z INFO HostContext] Well known directory 'Bin': 'C:\Users\leomi\CLionProjects\PrjING1SnoopyReuse\actions-runner\bin'
[2026-09-04 16:23:41Z INFO HostContext] Well known directory 'Root': 'C:\Users\leomi\CLionProjects\PrjING1SnoopyReuse\actions-runner'
[2026-09-04 16:23:41Z INFO JobServerQueue] Starting upload of step log file to results service ResultsLog, C:\Users\leomi\CLionProjects\PrjING1SnoopyReuse\actions-runner\_diag\blocks\600b2eea-841b-4738-99ea-3ceec6145b64_2c57097c-6bb7-45c0-85d1-b35079c77d23.1
[2026-09-04 16:23:41Z INFO HostContext] Well known directory 'Externals': 'C:\Users\leomi\CLionProjects\PrjING1SnoopyReuse\actions-runner\externals'
[2026-09-04 16:23:41Z INFO JobServerQueue] Try to upload 1 log files or attachments, success rate: 1/1.
[2026-09-04 16:23:41Z INFO ProcessInvokerWrapper] Starting process:
[2026-09-04 16:23:41Z INFO ProcessInvokerWrapper]   File name: 'C:\Users\leomi\CLionProjects\PrjING1SnoopyReuse\actions-runner\externals\node24\bin\node.exe'
[2026-09-04 16:23:41Z INFO ProcessInvokerWrapper]   Arguments: '"C:\Users\leomi\CLionProjects\PrjING1SnoopyReuse\actions-runner\_work\_actions\actions\checkout\v4\dist/index.js"'
[2026-09-04 16:23:41Z INFO ProcessInvokerWrapper]   Working directory: 'C:\Users\leomi\CLionProjects\PrjING1SnoopyReuse\actions-runner\_work\PrjING1SnoopyReuse\PrjING1SnoopyReuse'
[2026-09-04 16:23:41Z INFO ProcessInvokerWrapper]   Require exit code zero: 'False'
[2026-09-04 16:23:41Z INFO ProcessInvokerWrapper]   Encoding web name: utf-8 ; code page: '65001'
[2026-09-04 16:23:41Z INFO ProcessInvokerWrapper]   Force kill process on cancellation: 'False'
[2026-09-04 16:23:41Z INFO ProcessInvokerWrapper]   Redirected STDIN: 'False'
[2026-09-04 16:23:41Z INFO ProcessInvokerWrapper]   Persist current code page: 'True'
[2026-09-04 16:23:41Z INFO ProcessInvokerWrapper]   Keep redirected STDIN open: 'False'
[2026-09-04 16:23:41Z INFO ProcessInvokerWrapper]   High priority process: 'False'
[2026-09-04 16:23:41Z INFO JobServerQueue] Try to append 1 batches web console lines for record 'c8bb768f-0616-48d1-9cbe-334f974cb056', success rate: 1/1.
[2026-09-04 16:23:42Z INFO JobServerQueue] Tried to upload 1 file(s) to results, success rate: 1/1.
[2026-09-04 16:23:43Z INFO ProcessInvokerWrapper] Process started with process id 11244, waiting for process exit.
[2026-09-04 16:23:44Z INFO AddMaskCommandExtension] Add new secret mask with length of 524
[2026-09-04 16:23:44Z INFO JobServerQueue] Try to append 1 batches web console lines for record 'c8bb768f-0616-48d1-9cbe-334f974cb056', success rate: 1/1.
[2026-09-04 16:23:44Z INFO JobServerQueue] Try to append 1 batches web console lines for record 'c8bb768f-0616-48d1-9cbe-334f974cb056', success rate: 1/1.
[2026-09-04 16:23:45Z INFO JobServerQueue] Try to append 1 batches web console lines for record 'c8bb768f-0616-48d1-9cbe-334f974cb056', success rate: 1/1.
[2026-09-04 16:23:46Z INFO JobServerQueue] Try to append 1 batches web console lines for record 'c8bb768f-0616-48d1-9cbe-334f974cb056', success rate: 1/1.
[2026-09-04 16:23:47Z INFO JobServerQueue] Try to append 1 batches web console lines for record 'c8bb768f-0616-48d1-9cbe-334f974cb056', success rate: 1/1.
[2026-09-04 16:23:51Z INFO HostContext] Well known directory 'Bin': 'C:\Users\leomi\CLionProjects\PrjING1SnoopyReuse\actions-runner\bin'
[2026-09-04 16:23:51Z INFO HostContext] Well known directory 'Root': 'C:\Users\leomi\CLionProjects\PrjING1SnoopyReuse\actions-runner'
[2026-09-04 16:23:51Z INFO HostContext] Well known directory 'Work': 'C:\Users\leomi\CLionProjects\PrjING1SnoopyReuse\actions-runner\_work'
[2026-09-04 16:24:01Z INFO HostContext] Well known directory 'Bin': 'C:\Users\leomi\CLionProjects\PrjING1SnoopyReuse\actions-runner\bin'
[2026-09-04 16:24:01Z INFO HostContext] Well known directory 'Root': 'C:\Users\leomi\CLionProjects\PrjING1SnoopyReuse\actions-runner'
[2026-09-04 16:24:01Z INFO HostContext] Well known directory 'Work': 'C:\Users\leomi\CLionProjects\PrjING1SnoopyReuse\actions-runner\_work'
[2026-09-04 16:24:05Z INFO JobServerQueue] Try to append 1 batches web console lines for record 'c8bb768f-0616-48d1-9cbe-334f974cb056', success rate: 1/1.
[2026-09-04 16:24:07Z INFO JobServerQueue] Try to append 1 batches web console lines for record 'c8bb768f-0616-48d1-9cbe-334f974cb056', success rate: 1/1.
[2026-09-04 16:24:07Z INFO JobServerQueue] Try to append 1 batches web console lines for record 'c8bb768f-0616-48d1-9cbe-334f974cb056', success rate: 1/1.
[2026-09-04 16:24:08Z INFO JobServerQueue] Try to append 1 batches web console lines for record 'c8bb768f-0616-48d1-9cbe-334f974cb056', success rate: 1/1.
[2026-09-04 16:24:08Z INFO JobServerQueue] Try to append 1 batches web console lines for record 'c8bb768f-0616-48d1-9cbe-334f974cb056', success rate: 1/1.
[2026-09-04 16:24:09Z INFO JobServerQueue] Try to append 1 batches web console lines for record 'c8bb768f-0616-48d1-9cbe-334f974cb056', success rate: 1/1.
[2026-09-04 16:24:09Z INFO ProcessInvokerWrapper] STDOUT/STDERR stream read finished.
[2026-09-04 16:24:09Z INFO ProcessInvokerWrapper] STDOUT/STDERR stream read finished.
[2026-09-04 16:24:09Z INFO ProcessInvokerWrapper] Finished process 11244 with exit code 0, and elapsed time 00:00:27.7023134.
[2026-09-04 16:24:09Z INFO CreateStepSummaryCommand] Step Summary file (C:\Users\leomi\CLionProjects\PrjING1SnoopyReuse\actions-runner\_work\_temp\_runner_file_commands\step_summary_cd4ddf31-b1ae-453e-9e3d-b2fc92fbf420) is empty; skipping attachment upload
[2026-09-04 16:24:09Z INFO JobServerQueue] Try to append 1 batches web console lines for record 'c8bb768f-0616-48d1-9cbe-334f974cb056', success rate: 1/1.
[2026-09-04 16:24:09Z INFO StepsRunner] Step result: 
[2026-09-04 16:24:09Z INFO ExecutionContext] Publish step telemetry for current step {
  "action": "actions/checkout",
  "ref": "v4",
  "type": "node24",
  "stage": "Main",
  "stepId": "c8bb768f-0616-48d1-9cbe-334f974cb056",
  "stepContextName": "__actions_checkout",
  "hasPreStep": false,
  "hasPostStep": true,
  "result": "succeeded",
  "errorMessages": [],
  "executionTimeInSeconds": 28,
  "startTime": "2026-09-04T16:23:41.6427528Z",
  "finishTime": "2026-09-04T16:24:09.4739291Z"
}.
[2026-09-04 16:24:09Z INFO StepsRunner] No need for updating job result with current step result 'Succeeded'.
[2026-09-04 16:24:09Z INFO StepsRunner] Current state: job state = ''
[2026-09-04 16:24:09Z INFO StepsRunner] Processing step: DisplayName='Run msys2/setup-msys2@v2'
[2026-09-04 16:24:09Z INFO StepsRunner] Evaluating: success()
[2026-09-04 16:24:09Z INFO StepsRunner] Result: true
[2026-09-04 16:24:09Z INFO StepsRunner] Starting the step.
[2026-09-04 16:24:09Z INFO HostContext] Well known directory 'Bin': 'C:\Users\leomi\CLionProjects\PrjING1SnoopyReuse\actions-runner\bin'
[2026-09-04 16:24:09Z INFO HostContext] Well known directory 'Root': 'C:\Users\leomi\CLionProjects\PrjING1SnoopyReuse\actions-runner'
[2026-09-04 16:24:09Z INFO HostContext] Well known directory 'Work': 'C:\Users\leomi\CLionProjects\PrjING1SnoopyReuse\actions-runner\_work'
[2026-09-04 16:24:09Z INFO StepsRunner] Which2: 'chcp'
[2026-09-04 16:24:09Z INFO StepsRunner] Location: 'C:\WINDOWS\system32\chcp.COM'
[2026-09-04 16:24:09Z INFO ProcessInvokerWrapper] Starting process:
[2026-09-04 16:24:09Z INFO ProcessInvokerWrapper]   File name: 'C:\WINDOWS\system32\chcp.COM'
[2026-09-04 16:24:09Z INFO ProcessInvokerWrapper]   Arguments: '65001'
[2026-09-04 16:24:09Z INFO ProcessInvokerWrapper]   Working directory: 'C:\Users\leomi\CLionProjects\PrjING1SnoopyReuse\actions-runner\_work'
[2026-09-04 16:24:09Z INFO ProcessInvokerWrapper]   Require exit code zero: 'False'
[2026-09-04 16:24:09Z INFO ProcessInvokerWrapper]   Encoding web name:  ; code page: ''
[2026-09-04 16:24:09Z INFO ProcessInvokerWrapper]   Force kill process on cancellation: 'False'
[2026-09-04 16:24:09Z INFO ProcessInvokerWrapper]   Redirected STDIN: 'False'
[2026-09-04 16:24:09Z INFO ProcessInvokerWrapper]   Persist current code page: 'True'
[2026-09-04 16:24:09Z INFO ProcessInvokerWrapper]   Keep redirected STDIN open: 'False'
[2026-09-04 16:24:09Z INFO ProcessInvokerWrapper]   High priority process: 'False'
[2026-09-04 16:24:09Z INFO ProcessInvokerWrapper] Process started with process id 11076, waiting for process exit.
[2026-09-04 16:24:09Z INFO ProcessInvokerWrapper] STDOUT/STDERR stream read finished.
[2026-09-04 16:24:09Z INFO ProcessInvokerWrapper] STDOUT/STDERR stream read finished.
[2026-09-04 16:24:09Z INFO ProcessInvokerWrapper] Finished process 11076 with exit code 0, and elapsed time 00:00:00.0093956.
[2026-09-04 16:24:09Z INFO StepsRunner] Successfully returned to code page 65001 (UTF8)
[2026-09-04 16:24:09Z INFO HostContext] Well known directory 'Bin': 'C:\Users\leomi\CLionProjects\PrjING1SnoopyReuse\actions-runner\bin'
[2026-09-04 16:24:09Z INFO HostContext] Well known directory 'Root': 'C:\Users\leomi\CLionProjects\PrjING1SnoopyReuse\actions-runner'
[2026-09-04 16:24:09Z INFO HostContext] Well known directory 'Work': 'C:\Users\leomi\CLionProjects\PrjING1SnoopyReuse\actions-runner\_work'
[2026-09-04 16:24:09Z INFO HostContext] Well known directory 'Actions': 'C:\Users\leomi\CLionProjects\PrjING1SnoopyReuse\actions-runner\_work\_actions'
[2026-09-04 16:24:09Z INFO ActionManager] Load action that reference repository from 'C:\Users\leomi\CLionProjects\PrjING1SnoopyReuse\actions-runner\_work\_actions\msys2\setup-msys2\v2'
[2026-09-04 16:24:09Z INFO HostContext] Well known directory 'Bin': 'C:\Users\leomi\CLionProjects\PrjING1SnoopyReuse\actions-runner\bin'
[2026-09-04 16:24:09Z INFO HostContext] Well known directory 'Root': 'C:\Users\leomi\CLionProjects\PrjING1SnoopyReuse\actions-runner'
[2026-09-04 16:24:09Z INFO HostContext] Well known directory 'Work': 'C:\Users\leomi\CLionProjects\PrjING1SnoopyReuse\actions-runner\_work'
[2026-09-04 16:24:09Z INFO HostContext] Well known directory 'Actions': 'C:\Users\leomi\CLionProjects\PrjING1SnoopyReuse\actions-runner\_work\_actions'
[2026-09-04 16:24:09Z INFO ActionManifestManagerLegacy] Ignore action property branding.
[2026-09-04 16:24:09Z INFO ActionManifestManagerLegacy] Loaded action.yml file: {
  "name": "Setup MSYS2",
  "description": "Setup an MSYS2 environment",
  "inputs": {
    "type": 2,
    "map": [
      {
        "key": {
          "type": 0,
          "file": 3,
          "line": 7,
          "col": 3,
          "lit": "msystem"
        },
        "value": {
          "type": 0,
          "file": 3,
          "line": 10,
          "col": 14,
          "lit": "MINGW64"
        }
      },
      {
        "key": {
          "type": 0,
          "file": 3,
          "line": 11,
          "col": 3,
          "lit": "path-type"
        },
        "value": {
          "type": 0,
          "file": 3,
          "line": 14,
          "col": 14,
          "lit": "minimal"
        }
      },
      {
        "key": {
          "type": 0,
          "file": 3,
          "line": 15,
          "col": 3,
          "lit": "update"
        },
        "value": {
          "type": 0,
          "file": 3,
          "line": 18,
          "col": 14,
          "lit": "false"
        }
      },
      {
        "key": {
          "type": 0,
          "file": 3,
          "line": 19,
          "col": 3,
          "lit": "install"
        },
        "value": {
          "type": 0,
          "file": 3,
          "line": 22,
          "col": 14,
          "lit": ""
        }
      },
      {
        "key": {
          "type": 0,
          "file": 3,
          "line": 23,
          "col": 3,
          "lit": "pacboy"
        },
        "value": {
          "type": 0,
          "file": 3,
          "line": 26,
          "col": 14,
          "lit": ""
        }
      },
      {
        "key": {
          "type": 0,
          "file": 3,
          "line": 27,
          "col": 3,
          "lit": "release"
        },
        "value": {
          "type": 0,
          "file": 3,
          "line": 30,
          "col": 14,
          "lit": "true"
        }
      },
      {
        "key": {
          "type": 0,
          "file": 3,
          "line": 31,
          "col": 3,
          "lit": "location"
        },
        "value": {
          "type": 0,
          "file": 3,
          "line": 34,
          "col": 14,
          "lit": ""
        }
      },
      {
        "key": {
          "type": 0,
          "file": 3,
          "line": 35,
          "col": 3,
          "lit": "platform-check-severity"
        },
        "value": {
          "type": 0,
          "file": 3,
          "line": 38,
          "col": 14,
          "lit": "fatal"
        }
      },
      {
        "key": {
          "type": 0,
          "file": 3,
          "line": 39,
          "col": 3,
          "lit": "cache"
        },
        "value": {
          "type": 0,
          "file": 3,
          "line": 42,
          "col": 14,
          "lit": "true"
        }
      }
    ]
  },
  "execution": {
    "executionType": "nodeJS",
    "hasPre": false,
    "hasPost": false,
    "script": "index.js",
    "pre": null,
    "post": null,
    "nodeVersion": "node24",
    "cleanupCondition": "always()",
    "initCondition": "always()"
  },
  "deprecated": null
}
[2026-09-04 16:24:09Z INFO ActionManager] Action pre node.js file: N/A.
[2026-09-04 16:24:09Z INFO ActionManager] Action node.js file: index.js.
[2026-09-04 16:24:09Z INFO ActionManager] Action post node.js file: N/A.
[2026-09-04 16:24:09Z INFO HostContext] Well known directory 'Bin': 'C:\Users\leomi\CLionProjects\PrjING1SnoopyReuse\actions-runner\bin'
[2026-09-04 16:24:09Z INFO HostContext] Well known directory 'Root': 'C:\Users\leomi\CLionProjects\PrjING1SnoopyReuse\actions-runner'
[2026-09-04 16:24:09Z INFO HostContext] Well known directory 'Work': 'C:\Users\leomi\CLionProjects\PrjING1SnoopyReuse\actions-runner\_work'
[2026-09-04 16:24:09Z INFO HostContext] Well known directory 'Temp': 'C:\Users\leomi\CLionProjects\PrjING1SnoopyReuse\actions-runner\_work\_temp'
[2026-09-04 16:24:09Z INFO ExecutionContext] Write event payload to C:\Users\leomi\CLionProjects\PrjING1SnoopyReuse\actions-runner\_work\_temp\_github_workflow\event.json
[2026-09-04 16:24:09Z INFO HostContext] Well known directory 'Bin': 'C:\Users\leomi\CLionProjects\PrjING1SnoopyReuse\actions-runner\bin'
[2026-09-04 16:24:09Z INFO HostContext] Well known directory 'Root': 'C:\Users\leomi\CLionProjects\PrjING1SnoopyReuse\actions-runner'
[2026-09-04 16:24:09Z INFO HostContext] Well known directory 'Work': 'C:\Users\leomi\CLionProjects\PrjING1SnoopyReuse\actions-runner\_work'
[2026-09-04 16:24:09Z INFO HostContext] Well known directory 'Temp': 'C:\Users\leomi\CLionProjects\PrjING1SnoopyReuse\actions-runner\_work\_temp'
[2026-09-04 16:24:09Z INFO ExtensionManager] Getting extensions for interface: 'GitHub.Runner.Worker.IFileCommandExtension'
[2026-09-04 16:24:09Z INFO ActionManifestManagerLegacy] Input 'path-type': default value evaluate result: {
  "type": 0,
  "file": 3,
  "line": 14,
  "col": 14,
  "lit": "minimal"
}
[2026-09-04 16:24:09Z INFO ActionManifestManagerLegacy] Input 'update': default value evaluate result: {
  "type": 0,
  "file": 3,
  "line": 18,
  "col": 14,
  "lit": "false"
}
[2026-09-04 16:24:09Z INFO ActionManifestManagerLegacy] Input 'pacboy': default value evaluate result: {
  "type": 0,
  "file": 3,
  "line": 26,
  "col": 14,
  "lit": ""
}
[2026-09-04 16:24:09Z INFO ActionManifestManagerLegacy] Input 'release': default value evaluate result: {
  "type": 0,
  "file": 3,
  "line": 30,
  "col": 14,
  "lit": "true"
}
[2026-09-04 16:24:09Z INFO ActionManifestManagerLegacy] Input 'location': default value evaluate result: {
  "type": 0,
  "file": 3,
  "line": 34,
  "col": 14,
  "lit": ""
}
[2026-09-04 16:24:09Z INFO ActionManifestManagerLegacy] Input 'platform-check-severity': default value evaluate result: {
  "type": 0,
  "file": 3,
  "line": 38,
  "col": 14,
  "lit": "fatal"
}
[2026-09-04 16:24:09Z INFO ActionManifestManagerLegacy] Input 'cache': default value evaluate result: {
  "type": 0,
  "file": 3,
  "line": 42,
  "col": 14,
  "lit": "true"
}
[2026-09-04 16:24:09Z INFO ExtensionManager] Getting extensions for interface: 'GitHub.Runner.Worker.IActionCommandExtension'
[2026-09-04 16:24:09Z INFO ActionCommandManager] Register action command extension for command internal-set-repo-path
[2026-09-04 16:24:09Z INFO ActionCommandManager] Register action command extension for command set-env
[2026-09-04 16:24:09Z INFO ActionCommandManager] Register action command extension for command set-output
[2026-09-04 16:24:09Z INFO ActionCommandManager] Register action command extension for command save-state
[2026-09-04 16:24:09Z INFO ActionCommandManager] Register action command extension for command add-path
[2026-09-04 16:24:09Z INFO ActionCommandManager] Register action command extension for command add-mask
[2026-09-04 16:24:09Z INFO ActionCommandManager] Register action command extension for command add-matcher
[2026-09-04 16:24:09Z INFO ActionCommandManager] Register action command extension for command remove-matcher
[2026-09-04 16:24:09Z INFO ActionCommandManager] Register action command extension for command warning
[2026-09-04 16:24:09Z INFO ActionCommandManager] Register action command extension for command error
[2026-09-04 16:24:09Z INFO ActionCommandManager] Register action command extension for command notice
[2026-09-04 16:24:09Z INFO ActionCommandManager] Register action command extension for command debug
[2026-09-04 16:24:09Z INFO ActionCommandManager] Register action command extension for command group
[2026-09-04 16:24:09Z INFO ActionCommandManager] Register action command extension for command endgroup
[2026-09-04 16:24:09Z INFO ActionCommandManager] Register action command extension for command echo
[2026-09-04 16:24:09Z INFO HostContext] Well known directory 'Bin': 'C:\Users\leomi\CLionProjects\PrjING1SnoopyReuse\actions-runner\bin'
[2026-09-04 16:24:09Z INFO HostContext] Well known directory 'Root': 'C:\Users\leomi\CLionProjects\PrjING1SnoopyReuse\actions-runner'
[2026-09-04 16:24:09Z INFO HostContext] Well known directory 'Externals': 'C:\Users\leomi\CLionProjects\PrjING1SnoopyReuse\actions-runner\externals'
[2026-09-04 16:24:09Z INFO ProcessInvokerWrapper] Starting process:
[2026-09-04 16:24:09Z INFO ProcessInvokerWrapper]   File name: 'C:\Users\leomi\CLionProjects\PrjING1SnoopyReuse\actions-runner\externals\node24\bin\node.exe'
[2026-09-04 16:24:09Z INFO ProcessInvokerWrapper]   Arguments: '"C:\Users\leomi\CLionProjects\PrjING1SnoopyReuse\actions-runner\_work\_actions\msys2\setup-msys2\v2\index.js"'
[2026-09-04 16:24:09Z INFO ProcessInvokerWrapper]   Working directory: 'C:\Users\leomi\CLionProjects\PrjING1SnoopyReuse\actions-runner\_work\PrjING1SnoopyReuse\PrjING1SnoopyReuse'
[2026-09-04 16:24:09Z INFO ProcessInvokerWrapper]   Require exit code zero: 'False'
[2026-09-04 16:24:09Z INFO ProcessInvokerWrapper]   Encoding web name: utf-8 ; code page: '65001'
[2026-09-04 16:24:09Z INFO ProcessInvokerWrapper]   Force kill process on cancellation: 'False'
[2026-09-04 16:24:09Z INFO ProcessInvokerWrapper]   Redirected STDIN: 'False'
[2026-09-04 16:24:09Z INFO ProcessInvokerWrapper]   Persist current code page: 'True'
[2026-09-04 16:24:09Z INFO ProcessInvokerWrapper]   Keep redirected STDIN open: 'False'
[2026-09-04 16:24:09Z INFO ProcessInvokerWrapper]   High priority process: 'False'
[2026-09-04 16:24:09Z INFO ProcessInvokerWrapper] Process started with process id 8304, waiting for process exit.
[2026-09-04 16:24:09Z INFO JobServerQueue] Got a step log file to send to results service.
[2026-09-04 16:24:09Z INFO JobServerQueue] Starting upload of step log file to results service ResultsLog, C:\Users\leomi\CLionProjects\PrjING1SnoopyReuse\actions-runner\_diag\blocks\600b2eea-841b-4738-99ea-3ceec6145b64_c8bb768f-0616-48d1-9cbe-334f974cb056.1
[2026-09-04 16:24:09Z INFO JobServerQueue] Try to append 1 batches web console lines for record '642e55fc-0c4d-42b7-81b3-427769fe1692', success rate: 1/1.
[2026-09-04 16:24:09Z INFO JobServerQueue] Try to upload 1 log files or attachments, success rate: 1/1.
[2026-09-04 16:24:10Z INFO JobServerQueue] Tried to upload 1 file(s) to results, success rate: 1/1.
[2026-09-04 16:24:11Z INFO JobServerQueue] Try to append 1 batches web console lines for record '642e55fc-0c4d-42b7-81b3-427769fe1692', success rate: 1/1.
[2026-09-04 16:24:11Z INFO HostContext] Well known directory 'Bin': 'C:\Users\leomi\CLionProjects\PrjING1SnoopyReuse\actions-runner\bin'
[2026-09-04 16:24:11Z INFO HostContext] Well known directory 'Root': 'C:\Users\leomi\CLionProjects\PrjING1SnoopyReuse\actions-runner'
[2026-09-04 16:24:11Z INFO HostContext] Well known directory 'Work': 'C:\Users\leomi\CLionProjects\PrjING1SnoopyReuse\actions-runner\_work'
[2026-09-04 16:24:15Z INFO JobServerQueue] Try to append 1 batches web console lines for record '642e55fc-0c4d-42b7-81b3-427769fe1692', success rate: 1/1.
[2026-09-04 16:24:17Z INFO JobServerQueue] Try to append 1 batches web console lines for record '642e55fc-0c4d-42b7-81b3-427769fe1692', success rate: 1/1.
[2026-09-04 16:24:17Z INFO JobServerQueue] Try to append 1 batches web console lines for record '642e55fc-0c4d-42b7-81b3-427769fe1692', success rate: 1/1.
[2026-09-04 16:24:17Z INFO JobServerQueue] Try to append 1 batches web console lines for record '642e55fc-0c4d-42b7-81b3-427769fe1692', success rate: 1/1.
[2026-09-04 16:24:17Z INFO JobServerQueue] Try to append 1 batches web console lines for record '642e55fc-0c4d-42b7-81b3-427769fe1692', success rate: 1/1.
[2026-09-04 16:24:18Z INFO JobServerQueue] Try to append 1 batches web console lines for record '642e55fc-0c4d-42b7-81b3-427769fe1692', success rate: 1/1.
[2026-09-04 16:24:18Z INFO JobServerQueue] Try to append 1 batches web console lines for record '642e55fc-0c4d-42b7-81b3-427769fe1692', success rate: 1/1.
[2026-09-04 16:24:18Z INFO JobServerQueue] Try to append 1 batches web console lines for record '642e55fc-0c4d-42b7-81b3-427769fe1692', success rate: 1/1.
[2026-09-04 16:24:18Z INFO JobServerQueue] Try to append 1 batches web console lines for record '642e55fc-0c4d-42b7-81b3-427769fe1692', success rate: 1/1.
[2026-09-04 16:24:19Z INFO JobServerQueue] Try to append 1 batches web console lines for record '642e55fc-0c4d-42b7-81b3-427769fe1692', success rate: 1/1.
[2026-09-04 16:24:19Z INFO JobServerQueue] Try to append 1 batches web console lines for record '642e55fc-0c4d-42b7-81b3-427769fe1692', success rate: 1/1.
[2026-09-04 16:24:19Z INFO JobServerQueue] Try to append 1 batches web console lines for record '642e55fc-0c4d-42b7-81b3-427769fe1692', success rate: 1/1.
[2026-09-04 16:24:20Z INFO JobServerQueue] Try to append 1 batches web console lines for record '642e55fc-0c4d-42b7-81b3-427769fe1692', success rate: 1/1.
[2026-09-04 16:24:20Z INFO JobServerQueue] Try to append 1 batches web console lines for record '642e55fc-0c4d-42b7-81b3-427769fe1692', success rate: 1/1.
[2026-09-04 16:24:20Z INFO JobServerQueue] Try to append 1 batches web console lines for record '642e55fc-0c4d-42b7-81b3-427769fe1692', success rate: 1/1.
[2026-09-04 16:24:20Z INFO JobServerQueue] Try to append 1 batches web console lines for record '642e55fc-0c4d-42b7-81b3-427769fe1692', success rate: 1/1.
[2026-09-04 16:24:21Z INFO JobServerQueue] Try to append 1 batches web console lines for record '642e55fc-0c4d-42b7-81b3-427769fe1692', success rate: 1/1.
[2026-09-04 16:24:21Z INFO JobServerQueue] Try to append 1 batches web console lines for record '642e55fc-0c4d-42b7-81b3-427769fe1692', success rate: 1/1.
[2026-09-04 16:24:21Z INFO JobServerQueue] Try to append 1 batches web console lines for record '642e55fc-0c4d-42b7-81b3-427769fe1692', success rate: 1/1.
[2026-09-04 16:24:21Z INFO HostContext] Well known directory 'Bin': 'C:\Users\leomi\CLionProjects\PrjING1SnoopyReuse\actions-runner\bin'
[2026-09-04 16:24:21Z INFO HostContext] Well known directory 'Root': 'C:\Users\leomi\CLionProjects\PrjING1SnoopyReuse\actions-runner'
[2026-09-04 16:24:21Z INFO HostContext] Well known directory 'Work': 'C:\Users\leomi\CLionProjects\PrjING1SnoopyReuse\actions-runner\_work'
[2026-09-04 16:24:21Z INFO JobServerQueue] Try to append 1 batches web console lines for record '642e55fc-0c4d-42b7-81b3-427769fe1692', success rate: 1/1.
[2026-09-04 16:24:22Z INFO JobServerQueue] Try to append 1 batches web console lines for record '642e55fc-0c4d-42b7-81b3-427769fe1692', success rate: 1/1.
[2026-09-04 16:24:22Z INFO JobServerQueue] Try to append 1 batches web console lines for record '642e55fc-0c4d-42b7-81b3-427769fe1692', success rate: 1/1.
[2026-09-04 16:24:22Z INFO JobServerQueue] Try to append 1 batches web console lines for record '642e55fc-0c4d-42b7-81b3-427769fe1692', success rate: 1/1.
[2026-09-04 16:24:22Z INFO JobServerQueue] Try to append 1 batches web console lines for record '642e55fc-0c4d-42b7-81b3-427769fe1692', success rate: 1/1.
[2026-09-04 16:24:23Z INFO JobServerQueue] Try to append 1 batches web console lines for record '642e55fc-0c4d-42b7-81b3-427769fe1692', success rate: 1/1.
[2026-09-04 16:24:23Z INFO JobServerQueue] Try to append 1 batches web console lines for record '642e55fc-0c4d-42b7-81b3-427769fe1692', success rate: 1/1.
[2026-09-04 16:24:23Z INFO JobServerQueue] Try to append 1 batches web console lines for record '642e55fc-0c4d-42b7-81b3-427769fe1692', success rate: 1/1.
[2026-09-04 16:24:23Z INFO JobServerQueue] Try to append 1 batches web console lines for record '642e55fc-0c4d-42b7-81b3-427769fe1692', success rate: 1/1.
[2026-09-04 16:24:24Z INFO JobServerQueue] Try to append 1 batches web console lines for record '642e55fc-0c4d-42b7-81b3-427769fe1692', success rate: 1/1.
[2026-09-04 16:24:24Z INFO JobServerQueue] Try to append 1 batches web console lines for record '642e55fc-0c4d-42b7-81b3-427769fe1692', success rate: 1/1.
[2026-09-04 16:24:24Z INFO JobServerQueue] Try to append 1 batches web console lines for record '642e55fc-0c4d-42b7-81b3-427769fe1692', success rate: 1/1.
[2026-09-04 16:24:24Z INFO JobServerQueue] Try to append 1 batches web console lines for record '642e55fc-0c4d-42b7-81b3-427769fe1692', success rate: 1/1.
[2026-09-04 16:24:25Z INFO JobServerQueue] Try to append 1 batches web console lines for record '642e55fc-0c4d-42b7-81b3-427769fe1692', success rate: 1/1.
[2026-09-04 16:24:25Z INFO JobServerQueue] Try to append 1 batches web console lines for record '642e55fc-0c4d-42b7-81b3-427769fe1692', success rate: 1/1.
[2026-09-04 16:24:25Z INFO JobServerQueue] Try to append 1 batches web console lines for record '642e55fc-0c4d-42b7-81b3-427769fe1692', success rate: 1/1.
[2026-09-04 16:24:25Z INFO JobServerQueue] Try to append 1 batches web console lines for record '642e55fc-0c4d-42b7-81b3-427769fe1692', success rate: 1/1.
[2026-09-04 16:24:26Z INFO JobServerQueue] Try to append 1 batches web console lines for record '642e55fc-0c4d-42b7-81b3-427769fe1692', success rate: 1/1.
[2026-09-04 16:24:26Z INFO JobServerQueue] Try to append 1 batches web console lines for record '642e55fc-0c4d-42b7-81b3-427769fe1692', success rate: 1/1.
[2026-09-04 16:24:26Z INFO JobServerQueue] Try to append 1 batches web console lines for record '642e55fc-0c4d-42b7-81b3-427769fe1692', success rate: 1/1.
[2026-09-04 16:24:26Z INFO JobServerQueue] Try to append 1 batches web console lines for record '642e55fc-0c4d-42b7-81b3-427769fe1692', success rate: 1/1.
[2026-09-04 16:24:27Z INFO JobServerQueue] Try to append 1 batches web console lines for record '642e55fc-0c4d-42b7-81b3-427769fe1692', success rate: 1/1.
[2026-09-04 16:24:27Z INFO JobServerQueue] Try to append 1 batches web console lines for record '642e55fc-0c4d-42b7-81b3-427769fe1692', success rate: 1/1.
[2026-09-04 16:24:27Z INFO JobServerQueue] Try to append 1 batches web console lines for record '642e55fc-0c4d-42b7-81b3-427769fe1692', success rate: 1/1.
[2026-09-04 16:24:27Z INFO JobServerQueue] Try to append 1 batches web console lines for record '642e55fc-0c4d-42b7-81b3-427769fe1692', success rate: 1/1.
[2026-09-04 16:24:28Z INFO JobServerQueue] Try to append 1 batches web console lines for record '642e55fc-0c4d-42b7-81b3-427769fe1692', success rate: 1/1.
[2026-09-04 16:24:28Z INFO JobServerQueue] Try to append 1 batches web console lines for record '642e55fc-0c4d-42b7-81b3-427769fe1692', success rate: 1/1.
[2026-09-04 16:24:28Z INFO JobServerQueue] Try to append 1 batches web console lines for record '642e55fc-0c4d-42b7-81b3-427769fe1692', success rate: 1/1.
[2026-09-04 16:24:28Z INFO JobServerQueue] Try to append 1 batches web console lines for record '642e55fc-0c4d-42b7-81b3-427769fe1692', success rate: 1/1.
[2026-09-04 16:24:29Z INFO JobServerQueue] Try to append 1 batches web console lines for record '642e55fc-0c4d-42b7-81b3-427769fe1692', success rate: 1/1.
[2026-09-04 16:24:29Z INFO JobServerQueue] Try to append 1 batches web console lines for record '642e55fc-0c4d-42b7-81b3-427769fe1692', success rate: 1/1.
[2026-09-04 16:24:29Z INFO JobServerQueue] Try to append 1 batches web console lines for record '642e55fc-0c4d-42b7-81b3-427769fe1692', success rate: 1/1.
[2026-09-04 16:24:29Z INFO JobServerQueue] Try to append 1 batches web console lines for record '642e55fc-0c4d-42b7-81b3-427769fe1692', success rate: 1/1.
[2026-09-04 16:24:30Z INFO JobServerQueue] Try to append 1 batches web console lines for record '642e55fc-0c4d-42b7-81b3-427769fe1692', success rate: 1/1.
[2026-09-04 16:24:30Z INFO JobServerQueue] Try to append 1 batches web console lines for record '642e55fc-0c4d-42b7-81b3-427769fe1692', success rate: 1/1.
[2026-09-04 16:24:30Z INFO JobServerQueue] Try to append 1 batches web console lines for record '642e55fc-0c4d-42b7-81b3-427769fe1692', success rate: 1/1.
[2026-09-04 16:24:30Z INFO JobServerQueue] Try to append 1 batches web console lines for record '642e55fc-0c4d-42b7-81b3-427769fe1692', success rate: 1/1.
[2026-09-04 16:24:31Z INFO JobServerQueue] Try to append 1 batches web console lines for record '642e55fc-0c4d-42b7-81b3-427769fe1692', success rate: 1/1.
[2026-09-04 16:24:31Z INFO JobServerQueue] Try to append 1 batches web console lines for record '642e55fc-0c4d-42b7-81b3-427769fe1692', success rate: 1/1.
[2026-09-04 16:24:31Z INFO HostContext] Well known directory 'Bin': 'C:\Users\leomi\CLionProjects\PrjING1SnoopyReuse\actions-runner\bin'
[2026-09-04 16:24:31Z INFO HostContext] Well known directory 'Root': 'C:\Users\leomi\CLionProjects\PrjING1SnoopyReuse\actions-runner'
[2026-09-04 16:24:31Z INFO HostContext] Well known directory 'Work': 'C:\Users\leomi\CLionProjects\PrjING1SnoopyReuse\actions-runner\_work'
[2026-09-04 16:24:31Z INFO JobServerQueue] Try to append 1 batches web console lines for record '642e55fc-0c4d-42b7-81b3-427769fe1692', success rate: 1/1.
[2026-09-04 16:24:32Z INFO JobServerQueue] Try to append 1 batches web console lines for record '642e55fc-0c4d-42b7-81b3-427769fe1692', success rate: 1/1.
[2026-09-04 16:24:32Z INFO JobServerQueue] Try to append 1 batches web console lines for record '642e55fc-0c4d-42b7-81b3-427769fe1692', success rate: 1/1.
[2026-09-04 16:24:32Z INFO JobServerQueue] Try to append 1 batches web console lines for record '642e55fc-0c4d-42b7-81b3-427769fe1692', success rate: 1/1.
[2026-09-04 16:24:32Z INFO JobServerQueue] Try to append 1 batches web console lines for record '642e55fc-0c4d-42b7-81b3-427769fe1692', success rate: 1/1.
[2026-09-04 16:24:33Z INFO JobServerQueue] Try to append 1 batches web console lines for record '642e55fc-0c4d-42b7-81b3-427769fe1692', success rate: 1/1.
[2026-09-04 16:24:33Z INFO JobServerQueue] Try to append 1 batches web console lines for record '642e55fc-0c4d-42b7-81b3-427769fe1692', success rate: 1/1.
[2026-09-04 16:24:33Z INFO JobServerQueue] Try to append 1 batches web console lines for record '642e55fc-0c4d-42b7-81b3-427769fe1692', success rate: 1/1.
[2026-09-04 16:24:33Z INFO JobServerQueue] Try to append 1 batches web console lines for record '642e55fc-0c4d-42b7-81b3-427769fe1692', success rate: 1/1.
[2026-09-04 16:24:34Z INFO JobServerQueue] Try to append 1 batches web console lines for record '642e55fc-0c4d-42b7-81b3-427769fe1692', success rate: 1/1.
[2026-09-04 16:24:34Z INFO JobServerQueue] Try to append 1 batches web console lines for record '642e55fc-0c4d-42b7-81b3-427769fe1692', success rate: 1/1.
[2026-09-04 16:24:34Z INFO JobServerQueue] Try to append 1 batches web console lines for record '642e55fc-0c4d-42b7-81b3-427769fe1692', success rate: 1/1.
[2026-09-04 16:24:34Z INFO JobServerQueue] Try to append 1 batches web console lines for record '642e55fc-0c4d-42b7-81b3-427769fe1692', success rate: 1/1.
[2026-09-04 16:24:35Z INFO JobServerQueue] Try to append 1 batches web console lines for record '642e55fc-0c4d-42b7-81b3-427769fe1692', success rate: 1/1.
[2026-09-04 16:24:35Z INFO JobServerQueue] Try to append 1 batches web console lines for record '642e55fc-0c4d-42b7-81b3-427769fe1692', success rate: 1/1.
[2026-09-04 16:24:35Z INFO JobServerQueue] Try to append 1 batches web console lines for record '642e55fc-0c4d-42b7-81b3-427769fe1692', success rate: 1/1.
[2026-09-04 16:24:35Z INFO JobServerQueue] Try to append 1 batches web console lines for record '642e55fc-0c4d-42b7-81b3-427769fe1692', success rate: 1/1.
[2026-09-04 16:24:36Z INFO JobServerQueue] Try to append 1 batches web console lines for record '642e55fc-0c4d-42b7-81b3-427769fe1692', success rate: 1/1.
[2026-09-04 16:24:36Z INFO JobServerQueue] Try to append 1 batches web console lines for record '642e55fc-0c4d-42b7-81b3-427769fe1692', success rate: 1/1.
[2026-09-04 16:24:36Z INFO JobServerQueue] Try to append 1 batches web console lines for record '642e55fc-0c4d-42b7-81b3-427769fe1692', success rate: 1/1.
[2026-09-04 16:24:36Z INFO JobServerQueue] Try to append 1 batches web console lines for record '642e55fc-0c4d-42b7-81b3-427769fe1692', success rate: 1/1.
[2026-09-04 16:24:37Z INFO JobServerQueue] Try to append 1 batches web console lines for record '642e55fc-0c4d-42b7-81b3-427769fe1692', success rate: 1/1.
[2026-09-04 16:24:37Z INFO JobServerQueue] Try to append 1 batches web console lines for record '642e55fc-0c4d-42b7-81b3-427769fe1692', success rate: 1/1.
[2026-09-04 16:24:37Z INFO JobServerQueue] Try to append 1 batches web console lines for record '642e55fc-0c4d-42b7-81b3-427769fe1692', success rate: 1/1.
[2026-09-04 16:24:37Z INFO JobServerQueue] Try to append 1 batches web console lines for record '642e55fc-0c4d-42b7-81b3-427769fe1692', success rate: 1/1.
[2026-09-04 16:24:38Z INFO JobServerQueue] Try to append 1 batches web console lines for record '642e55fc-0c4d-42b7-81b3-427769fe1692', success rate: 1/1.
[2026-09-04 16:24:38Z INFO JobServerQueue] Try to append 1 batches web console lines for record '642e55fc-0c4d-42b7-81b3-427769fe1692', success rate: 1/1.
[2026-09-04 16:24:38Z INFO JobServerQueue] Try to append 1 batches web console lines for record '642e55fc-0c4d-42b7-81b3-427769fe1692', success rate: 1/1.
[2026-09-04 16:24:38Z INFO JobServerQueue] Try to append 1 batches web console lines for record '642e55fc-0c4d-42b7-81b3-427769fe1692', success rate: 1/1.
[2026-09-04 16:24:39Z INFO JobServerQueue] Try to append 1 batches web console lines for record '642e55fc-0c4d-42b7-81b3-427769fe1692', success rate: 1/1.
[2026-09-04 16:24:39Z INFO JobServerQueue] Try to append 1 batches web console lines for record '642e55fc-0c4d-42b7-81b3-427769fe1692', success rate: 1/1.
[2026-09-04 16:24:39Z INFO JobServerQueue] Try to append 1 batches web console lines for record '642e55fc-0c4d-42b7-81b3-427769fe1692', success rate: 1/1.
[2026-09-04 16:24:39Z INFO JobServerQueue] Try to append 1 batches web console lines for record '642e55fc-0c4d-42b7-81b3-427769fe1692', success rate: 1/1.
[2026-09-04 16:24:40Z INFO JobServerQueue] Try to append 1 batches web console lines for record '642e55fc-0c4d-42b7-81b3-427769fe1692', success rate: 1/1.
[2026-09-04 16:24:40Z INFO JobServerQueue] Try to append 1 batches web console lines for record '642e55fc-0c4d-42b7-81b3-427769fe1692', success rate: 1/1.
[2026-09-04 16:24:40Z INFO JobServerQueue] Try to append 1 batches web console lines for record '642e55fc-0c4d-42b7-81b3-427769fe1692', success rate: 1/1.
[2026-09-04 16:24:40Z INFO JobServerQueue] Try to append 1 batches web console lines for record '642e55fc-0c4d-42b7-81b3-427769fe1692', success rate: 1/1.
[2026-09-04 16:24:41Z INFO JobServerQueue] Try to append 1 batches web console lines for record '642e55fc-0c4d-42b7-81b3-427769fe1692', success rate: 1/1.
[2026-09-04 16:24:41Z INFO JobServerQueue] Stop aggressive process web console line queue.
[2026-09-04 16:24:41Z INFO JobServerQueue] Try to append 1 batches web console lines for record '642e55fc-0c4d-42b7-81b3-427769fe1692', success rate: 1/1.
[2026-09-04 16:24:41Z INFO HostContext] Well known directory 'Bin': 'C:\Users\leomi\CLionProjects\PrjING1SnoopyReuse\actions-runner\bin'
[2026-09-04 16:24:41Z INFO HostContext] Well known directory 'Root': 'C:\Users\leomi\CLionProjects\PrjING1SnoopyReuse\actions-runner'
[2026-09-04 16:24:41Z INFO HostContext] Well known directory 'Work': 'C:\Users\leomi\CLionProjects\PrjING1SnoopyReuse\actions-runner\_work'
[2026-09-04 16:24:41Z INFO JobServerQueue] Try to append 1 batches web console lines for record '642e55fc-0c4d-42b7-81b3-427769fe1692', success rate: 1/1.
[2026-09-04 16:24:42Z INFO JobServerQueue] Try to append 1 batches web console lines for record '642e55fc-0c4d-42b7-81b3-427769fe1692', success rate: 1/1.
[2026-09-04 16:24:43Z INFO JobServerQueue] Try to append 1 batches web console lines for record '642e55fc-0c4d-42b7-81b3-427769fe1692', success rate: 1/1.
[2026-09-04 16:24:43Z INFO JobServerQueue] Try to append 1 batches web console lines for record '642e55fc-0c4d-42b7-81b3-427769fe1692', success rate: 1/1.
[2026-09-04 16:24:44Z INFO JobServerQueue] Try to append 1 batches web console lines for record '642e55fc-0c4d-42b7-81b3-427769fe1692', success rate: 1/1.
[2026-09-04 16:24:44Z INFO JobServerQueue] Try to append 1 batches web console lines for record '642e55fc-0c4d-42b7-81b3-427769fe1692', success rate: 1/1.
[2026-09-04 16:24:45Z INFO JobServerQueue] Try to append 1 batches web console lines for record '642e55fc-0c4d-42b7-81b3-427769fe1692', success rate: 1/1.
[2026-09-04 16:24:45Z INFO JobServerQueue] Try to append 1 batches web console lines for record '642e55fc-0c4d-42b7-81b3-427769fe1692', success rate: 1/1.
[2026-09-04 16:24:46Z INFO JobServerQueue] Try to append 1 batches web console lines for record '642e55fc-0c4d-42b7-81b3-427769fe1692', success rate: 1/1.
[2026-09-04 16:24:46Z INFO JobServerQueue] Try to append 1 batches web console lines for record '642e55fc-0c4d-42b7-81b3-427769fe1692', success rate: 1/1.
[2026-09-04 16:24:47Z INFO JobServerQueue] Try to append 1 batches web console lines for record '642e55fc-0c4d-42b7-81b3-427769fe1692', success rate: 1/1.
[2026-09-04 16:24:47Z INFO JobServerQueue] Try to append 1 batches web console lines for record '642e55fc-0c4d-42b7-81b3-427769fe1692', success rate: 1/1.
[2026-09-04 16:24:48Z INFO JobServerQueue] Try to append 1 batches web console lines for record '642e55fc-0c4d-42b7-81b3-427769fe1692', success rate: 1/1.
[2026-09-04 16:24:48Z INFO JobServerQueue] Try to append 1 batches web console lines for record '642e55fc-0c4d-42b7-81b3-427769fe1692', success rate: 1/1.
[2026-09-04 16:24:49Z INFO JobServerQueue] Try to append 1 batches web console lines for record '642e55fc-0c4d-42b7-81b3-427769fe1692', success rate: 1/1.
[2026-09-04 16:24:49Z INFO JobServerQueue] Try to append 1 batches web console lines for record '642e55fc-0c4d-42b7-81b3-427769fe1692', success rate: 1/1.
[2026-09-04 16:24:50Z INFO JobServerQueue] Try to append 1 batches web console lines for record '642e55fc-0c4d-42b7-81b3-427769fe1692', success rate: 1/1.
[2026-09-04 16:24:50Z INFO JobServerQueue] Try to append 1 batches web console lines for record '642e55fc-0c4d-42b7-81b3-427769fe1692', success rate: 1/1.
[2026-09-04 16:24:51Z INFO JobServerQueue] Try to append 1 batches web console lines for record '642e55fc-0c4d-42b7-81b3-427769fe1692', success rate: 1/1.
[2026-09-04 16:24:51Z INFO HostContext] Well known directory 'Bin': 'C:\Users\leomi\CLionProjects\PrjING1SnoopyReuse\actions-runner\bin'
[2026-09-04 16:24:51Z INFO HostContext] Well known directory 'Root': 'C:\Users\leomi\CLionProjects\PrjING1SnoopyReuse\actions-runner'
[2026-09-04 16:24:51Z INFO JobServerQueue] Try to append 1 batches web console lines for record '642e55fc-0c4d-42b7-81b3-427769fe1692', success rate: 1/1.
[2026-09-04 16:24:51Z INFO HostContext] Well known directory 'Work': 'C:\Users\leomi\CLionProjects\PrjING1SnoopyReuse\actions-runner\_work'
[2026-09-04 16:24:52Z INFO JobServerQueue] Try to append 1 batches web console lines for record '642e55fc-0c4d-42b7-81b3-427769fe1692', success rate: 1/1.
[2026-09-04 16:24:52Z INFO JobServerQueue] Try to append 1 batches web console lines for record '642e55fc-0c4d-42b7-81b3-427769fe1692', success rate: 1/1.
[2026-09-04 16:24:53Z INFO JobServerQueue] Try to append 1 batches web console lines for record '642e55fc-0c4d-42b7-81b3-427769fe1692', success rate: 1/1.
[2026-09-04 16:24:53Z INFO JobServerQueue] Try to append 1 batches web console lines for record '642e55fc-0c4d-42b7-81b3-427769fe1692', success rate: 1/1.
[2026-09-04 16:24:54Z INFO JobServerQueue] Try to append 1 batches web console lines for record '642e55fc-0c4d-42b7-81b3-427769fe1692', success rate: 1/1.
[2026-09-04 16:24:54Z INFO JobServerQueue] Try to append 1 batches web console lines for record '642e55fc-0c4d-42b7-81b3-427769fe1692', success rate: 1/1.
[2026-09-04 16:24:55Z INFO JobServerQueue] Try to append 1 batches web console lines for record '642e55fc-0c4d-42b7-81b3-427769fe1692', success rate: 1/1.
[2026-09-04 16:24:55Z INFO JobServerQueue] Try to append 1 batches web console lines for record '642e55fc-0c4d-42b7-81b3-427769fe1692', success rate: 1/1.
[2026-09-04 16:24:56Z INFO JobServerQueue] Try to append 1 batches web console lines for record '642e55fc-0c4d-42b7-81b3-427769fe1692', success rate: 1/1.
[2026-09-04 16:24:56Z INFO JobServerQueue] Try to append 1 batches web console lines for record '642e55fc-0c4d-42b7-81b3-427769fe1692', success rate: 1/1.
[2026-09-04 16:24:57Z INFO JobServerQueue] Try to append 1 batches web console lines for record '642e55fc-0c4d-42b7-81b3-427769fe1692', success rate: 1/1.
[2026-09-04 16:24:57Z INFO JobServerQueue] Try to append 1 batches web console lines for record '642e55fc-0c4d-42b7-81b3-427769fe1692', success rate: 1/1.
[2026-09-04 16:24:58Z INFO JobServerQueue] Try to append 1 batches web console lines for record '642e55fc-0c4d-42b7-81b3-427769fe1692', success rate: 1/1.
[2026-09-04 16:24:58Z INFO JobServerQueue] Try to append 1 batches web console lines for record '642e55fc-0c4d-42b7-81b3-427769fe1692', success rate: 1/1.
[2026-09-04 16:24:59Z INFO JobServerQueue] Try to append 1 batches web console lines for record '642e55fc-0c4d-42b7-81b3-427769fe1692', success rate: 1/1.
[2026-09-04 16:24:59Z INFO JobServerQueue] Try to append 1 batches web console lines for record '642e55fc-0c4d-42b7-81b3-427769fe1692', success rate: 1/1.
[2026-09-04 16:25:00Z INFO JobServerQueue] Try to append 1 batches web console lines for record '642e55fc-0c4d-42b7-81b3-427769fe1692', success rate: 1/1.
[2026-09-04 16:25:01Z INFO HostContext] Well known directory 'Bin': 'C:\Users\leomi\CLionProjects\PrjING1SnoopyReuse\actions-runner\bin'
[2026-09-04 16:25:01Z INFO HostContext] Well known directory 'Root': 'C:\Users\leomi\CLionProjects\PrjING1SnoopyReuse\actions-runner'
[2026-09-04 16:25:01Z INFO HostContext] Well known directory 'Work': 'C:\Users\leomi\CLionProjects\PrjING1SnoopyReuse\actions-runner\_work'
[2026-09-04 16:25:03Z INFO JobServerQueue] Try to append 1 batches web console lines for record '642e55fc-0c4d-42b7-81b3-427769fe1692', success rate: 1/1.
[2026-09-04 16:25:04Z INFO JobServerQueue] Try to append 1 batches web console lines for record '642e55fc-0c4d-42b7-81b3-427769fe1692', success rate: 1/1.
[2026-09-04 16:25:05Z INFO JobServerQueue] Try to append 1 batches web console lines for record '642e55fc-0c4d-42b7-81b3-427769fe1692', success rate: 1/1.
[2026-09-04 16:25:06Z INFO JobServerQueue] Try to append 1 batches web console lines for record '642e55fc-0c4d-42b7-81b3-427769fe1692', success rate: 1/1.
[2026-09-04 16:25:06Z INFO JobServerQueue] Try to append 1 batches web console lines for record '642e55fc-0c4d-42b7-81b3-427769fe1692', success rate: 1/1.
[2026-09-04 16:25:07Z INFO JobServerQueue] Try to append 1 batches web console lines for record '642e55fc-0c4d-42b7-81b3-427769fe1692', success rate: 1/1.
[2026-09-04 16:25:08Z INFO JobServerQueue] Try to append 1 batches web console lines for record '642e55fc-0c4d-42b7-81b3-427769fe1692', success rate: 1/1.
[2026-09-04 16:25:09Z INFO JobServerQueue] Try to append 1 batches web console lines for record '642e55fc-0c4d-42b7-81b3-427769fe1692', success rate: 1/1.
[2026-09-04 16:25:11Z INFO HostContext] Well known directory 'Bin': 'C:\Users\leomi\CLionProjects\PrjING1SnoopyReuse\actions-runner\bin'
[2026-09-04 16:25:11Z INFO HostContext] Well known directory 'Root': 'C:\Users\leomi\CLionProjects\PrjING1SnoopyReuse\actions-runner'
[2026-09-04 16:25:11Z INFO HostContext] Well known directory 'Work': 'C:\Users\leomi\CLionProjects\PrjING1SnoopyReuse\actions-runner\_work'
[2026-09-04 16:25:21Z INFO HostContext] Well known directory 'Bin': 'C:\Users\leomi\CLionProjects\PrjING1SnoopyReuse\actions-runner\bin'
[2026-09-04 16:25:21Z INFO HostContext] Well known directory 'Root': 'C:\Users\leomi\CLionProjects\PrjING1SnoopyReuse\actions-runner'
[2026-09-04 16:25:21Z INFO HostContext] Well known directory 'Work': 'C:\Users\leomi\CLionProjects\PrjING1SnoopyReuse\actions-runner\_work'
[2026-09-04 16:25:31Z INFO HostContext] Well known directory 'Bin': 'C:\Users\leomi\CLionProjects\PrjING1SnoopyReuse\actions-runner\bin'
[2026-09-04 16:25:31Z INFO HostContext] Well known directory 'Root': 'C:\Users\leomi\CLionProjects\PrjING1SnoopyReuse\actions-runner'
[2026-09-04 16:25:31Z INFO HostContext] Well known directory 'Work': 'C:\Users\leomi\CLionProjects\PrjING1SnoopyReuse\actions-runner\_work'
[2026-09-04 16:25:41Z INFO HostContext] Well known directory 'Bin': 'C:\Users\leomi\CLionProjects\PrjING1SnoopyReuse\actions-runner\bin'
[2026-09-04 16:25:41Z INFO HostContext] Well known directory 'Root': 'C:\Users\leomi\CLionProjects\PrjING1SnoopyReuse\actions-runner'
[2026-09-04 16:25:41Z INFO HostContext] Well known directory 'Work': 'C:\Users\leomi\CLionProjects\PrjING1SnoopyReuse\actions-runner\_work'
[2026-09-04 16:25:51Z INFO HostContext] Well known directory 'Bin': 'C:\Users\leomi\CLionProjects\PrjING1SnoopyReuse\actions-runner\bin'
[2026-09-04 16:25:51Z INFO HostContext] Well known directory 'Root': 'C:\Users\leomi\CLionProjects\PrjING1SnoopyReuse\actions-runner'
[2026-09-04 16:25:51Z INFO HostContext] Well known directory 'Work': 'C:\Users\leomi\CLionProjects\PrjING1SnoopyReuse\actions-runner\_work'
[2026-09-04 16:26:01Z INFO HostContext] Well known directory 'Bin': 'C:\Users\leomi\CLionProjects\PrjING1SnoopyReuse\actions-runner\bin'
[2026-09-04 16:26:01Z INFO HostContext] Well known directory 'Root': 'C:\Users\leomi\CLionProjects\PrjING1SnoopyReuse\actions-runner'
[2026-09-04 16:26:01Z INFO HostContext] Well known directory 'Work': 'C:\Users\leomi\CLionProjects\PrjING1SnoopyReuse\actions-runner\_work'
[2026-09-04 16:26:03Z INFO JobServerQueue] Try to append 1 batches web console lines for record '642e55fc-0c4d-42b7-81b3-427769fe1692', success rate: 1/1.
[2026-09-04 16:26:11Z INFO HostContext] Well known directory 'Bin': 'C:\Users\leomi\CLionProjects\PrjING1SnoopyReuse\actions-runner\bin'
[2026-09-04 16:26:11Z INFO HostContext] Well known directory 'Root': 'C:\Users\leomi\CLionProjects\PrjING1SnoopyReuse\actions-runner'
[2026-09-04 16:26:11Z INFO HostContext] Well known directory 'Work': 'C:\Users\leomi\CLionProjects\PrjING1SnoopyReuse\actions-runner\_work'
[2026-09-04 16:26:16Z INFO JobServerQueue] Try to append 1 batches web console lines for record '642e55fc-0c4d-42b7-81b3-427769fe1692', success rate: 1/1.
[2026-09-04 16:26:16Z INFO JobServerQueue] Try to append 1 batches web console lines for record '642e55fc-0c4d-42b7-81b3-427769fe1692', success rate: 1/1.
[2026-09-04 16:26:21Z INFO HostContext] Well known directory 'Bin': 'C:\Users\leomi\CLionProjects\PrjING1SnoopyReuse\actions-runner\bin'
[2026-09-04 16:26:21Z INFO HostContext] Well known directory 'Root': 'C:\Users\leomi\CLionProjects\PrjING1SnoopyReuse\actions-runner'
[2026-09-04 16:26:21Z INFO HostContext] Well known directory 'Work': 'C:\Users\leomi\CLionProjects\PrjING1SnoopyReuse\actions-runner\_work'
[2026-09-04 16:44:06Z INFO HostContext] Well known directory 'Bin': 'C:\Users\leomi\CLionProjects\PrjING1SnoopyReuse\actions-runner\bin'
[2026-09-04 16:44:06Z INFO HostContext] Well known directory 'Root': 'C:\Users\leomi\CLionProjects\PrjING1SnoopyReuse\actions-runner'
[2026-09-04 16:44:06Z INFO HostContext] Well known directory 'Work': 'C:\Users\leomi\CLionProjects\PrjING1SnoopyReuse\actions-runner\_work'
[2026-09-04 17:59:09Z INFO HostContext] Well known directory 'Bin': 'C:\Users\leomi\CLionProjects\PrjING1SnoopyReuse\actions-runner\bin'
[2026-09-04 17:59:09Z INFO HostContext] Well known directory 'Root': 'C:\Users\leomi\CLionProjects\PrjING1SnoopyReuse\actions-runner'
[2026-09-04 17:59:09Z INFO HostContext] Well known directory 'Work': 'C:\Users\leomi\CLionProjects\PrjING1SnoopyReuse\actions-runner\_work'
[2026-09-04 17:59:11Z INFO ResultServer] Websocket is not open, let's attempt to connect back again with random backoff 00:00:00.3560000 ms.
[2026-09-04 17:59:11Z INFO ResultServer] Creating websocket client ...wss://results-receiver.actions.githubusercontent.com/_ws/ingest.sock
[2026-09-04 17:59:11Z INFO ResultServer] Attempting to start websocket client with delay 00:00:00.3560000.
[2026-09-04 17:59:11Z INFO ResultServer] Websocket is not open, let's attempt to connect back again with random backoff 00:00:00.4730000 ms.
[2026-09-04 17:59:11Z INFO ResultServer] Creating websocket client ...wss://results-receiver.actions.githubusercontent.com/_ws/ingest.sock
[2026-09-04 17:59:11Z INFO ResultServer] Attempting to start websocket client with delay 00:00:00.4730000.
[2026-09-04 17:59:11Z INFO ResultServer] Websocket is not open, let's attempt to connect back again with random backoff 00:00:00.3570000 ms.
[2026-09-04 17:59:11Z INFO ResultServer] Creating websocket client ...wss://results-receiver.actions.githubusercontent.com/_ws/ingest.sock
[2026-09-04 17:59:11Z INFO ResultServer] Attempting to start websocket client with delay 00:00:00.3570000.
[2026-09-04 17:59:11Z INFO JobServerQueue] Try to append 1 batches web console lines for record '642e55fc-0c4d-42b7-81b3-427769fe1692', success rate: 1/1.
[2026-09-04 17:59:11Z INFO ResultServer] Exception caught during websocket client connect, retry connection.
[2026-09-04 17:59:11Z ERR  ResultServer] System.InvalidOperationException: The WebSocket has already been started.
   at System.Net.WebSockets.ClientWebSocket.ConnectAsync(Uri uri, HttpMessageInvoker invoker, CancellationToken cancellationToken)
   at GitHub.Runner.Common.ResultServer.ConnectWebSocketClient(String feedStreamUrl, TimeSpan delay, Boolean retryConnection)
[2026-09-04 17:59:11Z INFO ResultServer] Exception caught during websocket client connect, retry connection.
[2026-09-04 17:59:12Z INFO ResultServer] Exception caught during websocket client connect, retry connection.
[2026-09-04 17:59:12Z ERR  ResultServer] System.Net.WebSockets.WebSocketException (0x80004005): Unable to connect to the remote server
 ---> System.Net.Http.HttpRequestException: Hôte inconnu. (results-receiver.actions.githubusercontent.com:443)
 ---> System.Net.Sockets.SocketException (11001): Hôte inconnu.
   at System.Net.Sockets.Socket.AwaitableSocketAsyncEventArgs.ThrowException(SocketError error, CancellationToken cancellationToken)
   at System.Net.Sockets.Socket.AwaitableSocketAsyncEventArgs.System.Threading.Tasks.Sources.IValueTaskSource.GetResult(Int16 token)
   at System.Net.Sockets.Socket.<ConnectAsync>g__WaitForConnectWithCancellation|285_0(AwaitableSocketAsyncEventArgs saea, ValueTask connectTask, CancellationToken cancellationToken)
   at System.Net.Http.HttpConnectionPool.ConnectToTcpHostAsync(String host, Int32 port, HttpRequestMessage initialRequest, Boolean async, CancellationToken cancellationToken)
   --- End of inner exception stack trace ---
   at System.Net.Http.HttpConnectionPool.ConnectToTcpHostAsync(String host, Int32 port, HttpRequestMessage initialRequest, Boolean async, CancellationToken cancellationToken)
   at System.Net.Http.HttpConnectionPool.ConnectAsync(HttpRequestMessage request, Boolean async, CancellationToken cancellationToken)
   at System.Net.Http.HttpConnectionPool.CreateHttp11ConnectionAsync(HttpRequestMessage request, Boolean async, CancellationToken cancellationToken)
   at System.Net.Http.HttpConnectionPool.AddHttp11ConnectionAsync(QueueItem queueItem)
   at System.Threading.Tasks.TaskCompletionSourceWithCancellation`1.WaitWithCancellationAsync(CancellationToken cancellationToken)
   at System.Net.Http.HttpConnectionPool.SendWithVersionDetectionAndRetryAsync(HttpRequestMessage request, Boolean async, Boolean doRequestAuth, CancellationToken cancellationToken)
   at System.Net.Http.RedirectHandler.SendAsync(HttpRequestMessage request, Boolean async, CancellationToken cancellationToken)
   at System.Net.WebSockets.WebSocketHandle.ConnectAsync(Uri uri, HttpMessageInvoker invoker, CancellationToken cancellationToken, ClientWebSocketOptions options)
   at System.Net.WebSockets.WebSocketHandle.ConnectAsync(Uri uri, HttpMessageInvoker invoker, CancellationToken cancellationToken, ClientWebSocketOptions options)
   at System.Net.WebSockets.ClientWebSocket.ConnectAsyncCore(Uri uri, HttpMessageInvoker invoker, CancellationToken cancellationToken)
   at GitHub.Runner.Common.ResultServer.ConnectWebSocketClient(String feedStreamUrl, TimeSpan delay, Boolean retryConnection)
[2026-09-04 17:59:12Z ERR  ResultServer] #####################################################
[2026-09-04 17:59:12Z ERR  ResultServer] System.Net.Http.HttpRequestException: Hôte inconnu. (results-receiver.actions.githubusercontent.com:443)
 ---> System.Net.Sockets.SocketException (11001): Hôte inconnu.
   at System.Net.Sockets.Socket.AwaitableSocketAsyncEventArgs.ThrowException(SocketError error, CancellationToken cancellationToken)
   at System.Net.Sockets.Socket.AwaitableSocketAsyncEventArgs.System.Threading.Tasks.Sources.IValueTaskSource.GetResult(Int16 token)
   at System.Net.Sockets.Socket.<ConnectAsync>g__WaitForConnectWithCancellation|285_0(AwaitableSocketAsyncEventArgs saea, ValueTask connectTask, CancellationToken cancellationToken)
   at System.Net.Http.HttpConnectionPool.ConnectToTcpHostAsync(String host, Int32 port, HttpRequestMessage initialRequest, Boolean async, CancellationToken cancellationToken)
   --- End of inner exception stack trace ---
   at System.Net.Http.HttpConnectionPool.ConnectToTcpHostAsync(String host, Int32 port, HttpRequestMessage initialRequest, Boolean async, CancellationToken cancellationToken)
   at System.Net.Http.HttpConnectionPool.ConnectAsync(HttpRequestMessage request, Boolean async, CancellationToken cancellationToken)
   at System.Net.Http.HttpConnectionPool.CreateHttp11ConnectionAsync(HttpRequestMessage request, Boolean async, CancellationToken cancellationToken)
   at System.Net.Http.HttpConnectionPool.AddHttp11ConnectionAsync(QueueItem queueItem)
   at System.Threading.Tasks.TaskCompletionSourceWithCancellation`1.WaitWithCancellationAsync(CancellationToken cancellationToken)
   at System.Net.Http.HttpConnectionPool.SendWithVersionDetectionAndRetryAsync(HttpRequestMessage request, Boolean async, Boolean doRequestAuth, CancellationToken cancellationToken)
   at System.Net.Http.RedirectHandler.SendAsync(HttpRequestMessage request, Boolean async, CancellationToken cancellationToken)
   at System.Net.WebSockets.WebSocketHandle.ConnectAsync(Uri uri, HttpMessageInvoker invoker, CancellationToken cancellationToken, ClientWebSocketOptions options)
[2026-09-04 17:59:12Z ERR  ResultServer] #####################################################
[2026-09-04 17:59:12Z ERR  ResultServer] System.Net.Sockets.SocketException (11001): Hôte inconnu.
   at System.Net.Sockets.Socket.AwaitableSocketAsyncEventArgs.ThrowException(SocketError error, CancellationToken cancellationToken)
   at System.Net.Sockets.Socket.AwaitableSocketAsyncEventArgs.System.Threading.Tasks.Sources.IValueTaskSource.GetResult(Int16 token)
   at System.Net.Sockets.Socket.<ConnectAsync>g__WaitForConnectWithCancellation|285_0(AwaitableSocketAsyncEventArgs saea, ValueTask connectTask, CancellationToken cancellationToken)
   at System.Net.Http.HttpConnectionPool.ConnectToTcpHostAsync(String host, Int32 port, HttpRequestMessage initialRequest, Boolean async, CancellationToken cancellationToken)
[2026-09-04 17:59:12Z INFO JobServerQueue] Try to append 1 batches web console lines for record '642e55fc-0c4d-42b7-81b3-427769fe1692', success rate: 1/1.
[2026-09-04 17:59:12Z ERR  ResultServer] System.Net.WebSockets.WebSocketException (0x80004005): Unable to connect to the remote server
 ---> System.Net.Http.HttpRequestException: Hôte inconnu. (results-receiver.actions.githubusercontent.com:443)
 ---> System.Net.Sockets.SocketException (11001): Hôte inconnu.
   at System.Net.Sockets.Socket.AwaitableSocketAsyncEventArgs.ThrowException(SocketError error, CancellationToken cancellationToken)
   at System.Net.Sockets.Socket.AwaitableSocketAsyncEventArgs.System.Threading.Tasks.Sources.IValueTaskSource.GetResult(Int16 token)
   at System.Net.Sockets.Socket.<ConnectAsync>g__WaitForConnectWithCancellation|285_0(AwaitableSocketAsyncEventArgs saea, ValueTask connectTask, CancellationToken cancellationToken)
   at System.Net.Http.HttpConnectionPool.ConnectToTcpHostAsync(String host, Int32 port, HttpRequestMessage initialRequest, Boolean async, CancellationToken cancellationToken)
   --- End of inner exception stack trace ---
   at System.Net.Http.HttpConnectionPool.ConnectToTcpHostAsync(String host, Int32 port, HttpRequestMessage initialRequest, Boolean async, CancellationToken cancellationToken)
   at System.Net.Http.HttpConnectionPool.ConnectAsync(HttpRequestMessage request, Boolean async, CancellationToken cancellationToken)
   at System.Net.Http.HttpConnectionPool.CreateHttp11ConnectionAsync(HttpRequestMessage request, Boolean async, CancellationToken cancellationToken)
   at System.Net.Http.HttpConnectionPool.AddHttp11ConnectionAsync(QueueItem queueItem)
   at System.Threading.Tasks.TaskCompletionSourceWithCancellation`1.WaitWithCancellationAsync(CancellationToken cancellationToken)
   at System.Net.Http.HttpConnectionPool.SendWithVersionDetectionAndRetryAsync(HttpRequestMessage request, Boolean async, Boolean doRequestAuth, CancellationToken cancellationToken)
   at System.Net.Http.RedirectHandler.SendAsync(HttpRequestMessage request, Boolean async, CancellationToken cancellationToken)
   at System.Net.WebSockets.WebSocketHandle.ConnectAsync(Uri uri, HttpMessageInvoker invoker, CancellationToken cancellationToken, ClientWebSocketOptions options)
   at System.Net.WebSockets.WebSocketHandle.ConnectAsync(Uri uri, HttpMessageInvoker invoker, CancellationToken cancellationToken, ClientWebSocketOptions options)
   at System.Net.WebSockets.ClientWebSocket.ConnectAsyncCore(Uri uri, HttpMessageInvoker invoker, CancellationToken cancellationToken)
   at GitHub.Runner.Common.ResultServer.ConnectWebSocketClient(String feedStreamUrl, TimeSpan delay, Boolean retryConnection)
[2026-09-04 17:59:12Z ERR  ResultServer] #####################################################
[2026-09-04 17:59:12Z ERR  ResultServer] System.Net.Http.HttpRequestException: Hôte inconnu. (results-receiver.actions.githubusercontent.com:443)
 ---> System.Net.Sockets.SocketException (11001): Hôte inconnu.
   at System.Net.Sockets.Socket.AwaitableSocketAsyncEventArgs.ThrowException(SocketError error, CancellationToken cancellationToken)
   at System.Net.Sockets.Socket.AwaitableSocketAsyncEventArgs.System.Threading.Tasks.Sources.IValueTaskSource.GetResult(Int16 token)
   at System.Net.Sockets.Socket.<ConnectAsync>g__WaitForConnectWithCancellation|285_0(AwaitableSocketAsyncEventArgs saea, ValueTask connectTask, CancellationToken cancellationToken)
   at System.Net.Http.HttpConnectionPool.ConnectToTcpHostAsync(String host, Int32 port, HttpRequestMessage initialRequest, Boolean async, CancellationToken cancellationToken)
   --- End of inner exception stack trace ---
   at System.Net.Http.HttpConnectionPool.ConnectToTcpHostAsync(String host, Int32 port, HttpRequestMessage initialRequest, Boolean async, CancellationToken cancellationToken)
   at System.Net.Http.HttpConnectionPool.ConnectAsync(HttpRequestMessage request, Boolean async, CancellationToken cancellationToken)
   at System.Net.Http.HttpConnectionPool.CreateHttp11ConnectionAsync(HttpRequestMessage request, Boolean async, CancellationToken cancellationToken)
   at System.Net.Http.HttpConnectionPool.AddHttp11ConnectionAsync(QueueItem queueItem)
   at System.Threading.Tasks.TaskCompletionSourceWithCancellation`1.WaitWithCancellationAsync(CancellationToken cancellationToken)
   at System.Net.Http.HttpConnectionPool.SendWithVersionDetectionAndRetryAsync(HttpRequestMessage request, Boolean async, Boolean doRequestAuth, CancellationToken cancellationToken)
   at System.Net.Http.RedirectHandler.SendAsync(HttpRequestMessage request, Boolean async, CancellationToken cancellationToken)
   at System.Net.WebSockets.WebSocketHandle.ConnectAsync(Uri uri, HttpMessageInvoker invoker, CancellationToken cancellationToken, ClientWebSocketOptions options)
[2026-09-04 17:59:12Z ERR  ResultServer] #####################################################
[2026-09-04 17:59:12Z ERR  ResultServer] System.Net.Sockets.SocketException (11001): Hôte inconnu.
   at System.Net.Sockets.Socket.AwaitableSocketAsyncEventArgs.ThrowException(SocketError error, CancellationToken cancellationToken)
   at System.Net.Sockets.Socket.AwaitableSocketAsyncEventArgs.System.Threading.Tasks.Sources.IValueTaskSource.GetResult(Int16 token)
   at System.Net.Sockets.Socket.<ConnectAsync>g__WaitForConnectWithCancellation|285_0(AwaitableSocketAsyncEventArgs saea, ValueTask connectTask, CancellationToken cancellationToken)
   at System.Net.Http.HttpConnectionPool.ConnectToTcpHostAsync(String host, Int32 port, HttpRequestMessage initialRequest, Boolean async, CancellationToken cancellationToken)
[2026-09-04 17:59:20Z INFO HostContext] Well known directory 'Bin': 'C:\Users\leomi\CLionProjects\PrjING1SnoopyReuse\actions-runner\bin'
[2026-09-04 17:59:20Z INFO HostContext] Well known directory 'Root': 'C:\Users\leomi\CLionProjects\PrjING1SnoopyReuse\actions-runner'
[2026-09-04 17:59:20Z INFO HostContext] Well known directory 'Work': 'C:\Users\leomi\CLionProjects\PrjING1SnoopyReuse\actions-runner\_work'
[2026-09-04 17:59:30Z INFO HostContext] Well known directory 'Bin': 'C:\Users\leomi\CLionProjects\PrjING1SnoopyReuse\actions-runner\bin'
[2026-09-04 17:59:30Z INFO HostContext] Well known directory 'Root': 'C:\Users\leomi\CLionProjects\PrjING1SnoopyReuse\actions-runner'
[2026-09-04 17:59:30Z INFO HostContext] Well known directory 'Work': 'C:\Users\leomi\CLionProjects\PrjING1SnoopyReuse\actions-runner\_work'
[2026-09-04 17:59:36Z INFO JobServerQueue] Try to append 1 batches web console lines for record '642e55fc-0c4d-42b7-81b3-427769fe1692', success rate: 1/1.
[2026-09-04 17:59:37Z INFO JobServerQueue] Try to append 1 batches web console lines for record '642e55fc-0c4d-42b7-81b3-427769fe1692', success rate: 1/1.
[2026-09-04 17:59:39Z INFO JobServerQueue] Try to append 1 batches web console lines for record '642e55fc-0c4d-42b7-81b3-427769fe1692', success rate: 1/1.
[2026-09-04 17:59:39Z INFO JobServerQueue] Try to append 1 batches web console lines for record '642e55fc-0c4d-42b7-81b3-427769fe1692', success rate: 1/1.
[2026-09-04 17:59:40Z INFO HostContext] Well known directory 'Bin': 'C:\Users\leomi\CLionProjects\PrjING1SnoopyReuse\actions-runner\bin'
[2026-09-04 17:59:40Z INFO HostContext] Well known directory 'Root': 'C:\Users\leomi\CLionProjects\PrjING1SnoopyReuse\actions-runner'
[2026-09-04 17:59:40Z INFO HostContext] Well known directory 'Work': 'C:\Users\leomi\CLionProjects\PrjING1SnoopyReuse\actions-runner\_work'
[2026-09-04 17:59:43Z INFO JobServerQueue] Try to append 1 batches web console lines for record '642e55fc-0c4d-42b7-81b3-427769fe1692', success rate: 1/1.
[2026-09-04 17:59:50Z INFO HostContext] Well known directory 'Bin': 'C:\Users\leomi\CLionProjects\PrjING1SnoopyReuse\actions-runner\bin'
[2026-09-04 17:59:50Z INFO HostContext] Well known directory 'Root': 'C:\Users\leomi\CLionProjects\PrjING1SnoopyReuse\actions-runner'
[2026-09-04 17:59:50Z INFO HostContext] Well known directory 'Work': 'C:\Users\leomi\CLionProjects\PrjING1SnoopyReuse\actions-runner\_work'
[2026-09-04 18:00:00Z INFO HostContext] Well known directory 'Bin': 'C:\Users\leomi\CLionProjects\PrjING1SnoopyReuse\actions-runner\bin'
[2026-09-04 18:00:00Z INFO HostContext] Well known directory 'Root': 'C:\Users\leomi\CLionProjects\PrjING1SnoopyReuse\actions-runner'
[2026-09-04 18:00:00Z INFO HostContext] Well known directory 'Work': 'C:\Users\leomi\CLionProjects\PrjING1SnoopyReuse\actions-runner\_work'
[2026-09-04 18:00:10Z INFO HostContext] Well known directory 'Bin': 'C:\Users\leomi\CLionProjects\PrjING1SnoopyReuse\actions-runner\bin'
[2026-09-04 18:00:10Z INFO HostContext] Well known directory 'Root': 'C:\Users\leomi\CLionProjects\PrjING1SnoopyReuse\actions-runner'
[2026-09-04 18:00:10Z INFO HostContext] Well known directory 'Work': 'C:\Users\leomi\CLionProjects\PrjING1SnoopyReuse\actions-runner\_work'
[2026-09-04 18:00:20Z INFO HostContext] Well known directory 'Bin': 'C:\Users\leomi\CLionProjects\PrjING1SnoopyReuse\actions-runner\bin'
[2026-09-04 18:00:20Z INFO HostContext] Well known directory 'Root': 'C:\Users\leomi\CLionProjects\PrjING1SnoopyReuse\actions-runner'
[2026-09-04 18:00:20Z INFO HostContext] Well known directory 'Work': 'C:\Users\leomi\CLionProjects\PrjING1SnoopyReuse\actions-runner\_work'
[2026-09-04 18:00:26Z INFO JobServerQueue] Try to append 1 batches web console lines for record '642e55fc-0c4d-42b7-81b3-427769fe1692', success rate: 1/1.
[2026-09-04 18:00:31Z INFO HostContext] Well known directory 'Bin': 'C:\Users\leomi\CLionProjects\PrjING1SnoopyReuse\actions-runner\bin'
[2026-09-04 18:00:31Z INFO HostContext] Well known directory 'Root': 'C:\Users\leomi\CLionProjects\PrjING1SnoopyReuse\actions-runner'
[2026-09-04 18:00:31Z INFO HostContext] Well known directory 'Work': 'C:\Users\leomi\CLionProjects\PrjING1SnoopyReuse\actions-runner\_work'
[2026-09-04 18:00:37Z INFO JobServerQueue] Try to append 1 batches web console lines for record '642e55fc-0c4d-42b7-81b3-427769fe1692', success rate: 1/1.
[2026-09-04 18:00:38Z INFO JobServerQueue] Try to append 1 batches web console lines for record '642e55fc-0c4d-42b7-81b3-427769fe1692', success rate: 1/1.
[2026-09-04 18:00:38Z INFO JobServerQueue] Try to append 1 batches web console lines for record '642e55fc-0c4d-42b7-81b3-427769fe1692', success rate: 1/1.
[2026-09-04 18:00:39Z INFO JobServerQueue] Try to append 1 batches web console lines for record '642e55fc-0c4d-42b7-81b3-427769fe1692', success rate: 1/1.
[2026-09-04 18:00:39Z INFO JobServerQueue] Try to append 1 batches web console lines for record '642e55fc-0c4d-42b7-81b3-427769fe1692', success rate: 1/1.
[2026-09-04 18:00:41Z INFO HostContext] Well known directory 'Bin': 'C:\Users\leomi\CLionProjects\PrjING1SnoopyReuse\actions-runner\bin'
[2026-09-04 18:00:41Z INFO HostContext] Well known directory 'Root': 'C:\Users\leomi\CLionProjects\PrjING1SnoopyReuse\actions-runner'
[2026-09-04 18:00:41Z INFO HostContext] Well known directory 'Work': 'C:\Users\leomi\CLionProjects\PrjING1SnoopyReuse\actions-runner\_work'
[2026-09-04 18:00:51Z INFO HostContext] Well known directory 'Bin': 'C:\Users\leomi\CLionProjects\PrjING1SnoopyReuse\actions-runner\bin'
[2026-09-04 18:00:51Z INFO HostContext] Well known directory 'Root': 'C:\Users\leomi\CLionProjects\PrjING1SnoopyReuse\actions-runner'
[2026-09-04 18:00:51Z INFO HostContext] Well known directory 'Work': 'C:\Users\leomi\CLionProjects\PrjING1SnoopyReuse\actions-runner\_work'
[2026-09-04 18:01:01Z INFO HostContext] Well known directory 'Bin': 'C:\Users\leomi\CLionProjects\PrjING1SnoopyReuse\actions-runner\bin'
[2026-09-04 18:01:01Z INFO HostContext] Well known directory 'Root': 'C:\Users\leomi\CLionProjects\PrjING1SnoopyReuse\actions-runner'
[2026-09-04 18:01:01Z INFO HostContext] Well known directory 'Work': 'C:\Users\leomi\CLionProjects\PrjING1SnoopyReuse\actions-runner\_work'
[2026-09-04 18:01:03Z INFO JobServerQueue] Try to append 1 batches web console lines for record '642e55fc-0c4d-42b7-81b3-427769fe1692', success rate: 1/1.
[2026-09-04 18:01:05Z INFO JobServerQueue] Try to append 1 batches web console lines for record '642e55fc-0c4d-42b7-81b3-427769fe1692', success rate: 1/1.
[2026-09-04 18:01:05Z INFO JobServerQueue] Try to append 1 batches web console lines for record '642e55fc-0c4d-42b7-81b3-427769fe1692', success rate: 1/1.
[2026-09-04 18:01:06Z INFO JobServerQueue] Try to append 1 batches web console lines for record '642e55fc-0c4d-42b7-81b3-427769fe1692', success rate: 1/1.
[2026-09-04 18:01:07Z INFO JobServerQueue] Try to append 1 batches web console lines for record '642e55fc-0c4d-42b7-81b3-427769fe1692', success rate: 1/1.
[2026-09-04 18:01:08Z INFO JobServerQueue] Try to append 1 batches web console lines for record '642e55fc-0c4d-42b7-81b3-427769fe1692', success rate: 1/1.
[2026-09-04 18:01:11Z INFO JobServerQueue] Try to append 1 batches web console lines for record '642e55fc-0c4d-42b7-81b3-427769fe1692', success rate: 1/1.
[2026-09-04 18:01:11Z INFO HostContext] Well known directory 'Bin': 'C:\Users\leomi\CLionProjects\PrjING1SnoopyReuse\actions-runner\bin'
[2026-09-04 18:01:11Z INFO HostContext] Well known directory 'Root': 'C:\Users\leomi\CLionProjects\PrjING1SnoopyReuse\actions-runner'
[2026-09-04 18:01:11Z INFO HostContext] Well known directory 'Work': 'C:\Users\leomi\CLionProjects\PrjING1SnoopyReuse\actions-runner\_work'
[2026-09-04 18:01:16Z INFO ProcessChannel] Receiving message of length 0, with hash 'e3b0c44298fc1c149afbf4c8996fb92427ae41e4649b934ca495991b7852b855'
[2026-09-04 18:01:16Z INFO Worker] Cancellation/Shutdown message received.
[2026-09-04 18:01:16Z INFO StepsRunner] Evaluating: success()
[2026-09-04 18:01:16Z INFO StepsRunner] Result: false
[2026-09-04 18:01:16Z INFO StepsRunner] Cancel current running step.
[2026-09-04 18:01:16Z INFO ProcessInvokerWrapper] Sending CTRL_C to process 8304.
[2026-09-04 18:01:16Z INFO ProcessInvokerWrapper] Successfully send CTRL_C to process 8304.
[2026-09-04 18:01:16Z INFO ProcessInvokerWrapper] Waiting for process exit or 7,5 seconds after CTRL_C signal fired.
[2026-09-04 18:01:16Z INFO ProcessInvokerWrapper] Ignore Ctrl+C to current process.
[2026-09-04 18:01:16Z INFO ProcessInvokerWrapper] STDOUT/STDERR stream read finished.
[2026-09-04 18:01:16Z INFO ProcessInvokerWrapper] STDOUT/STDERR stream read finished.
[2026-09-04 18:01:16Z INFO ProcessInvokerWrapper] Process exit successfully.
[2026-09-04 18:01:16Z INFO ProcessInvokerWrapper] Process cancelled successfully through Ctrl+C/SIGINT.
[2026-09-04 18:01:16Z INFO ProcessInvokerWrapper] Process Cancellation finished.
[2026-09-04 18:01:16Z INFO ProcessInvokerWrapper] Finished process 8304 with exit code -1073741510, and elapsed time 01:37:07.2601664.
[2026-09-04 18:01:16Z INFO CreateStepSummaryCommand] Step Summary file (C:\Users\leomi\CLionProjects\PrjING1SnoopyReuse\actions-runner\_work\_temp\_runner_file_commands\step_summary_e881ba60-520f-41f9-ae81-57034973ab29) is empty; skipping attachment upload
[2026-09-04 18:01:16Z ERR  StepsRunner] Caught cancellation exception from step: System.OperationCanceledException: The operation was canceled.
   at System.Threading.CancellationToken.ThrowOperationCanceledException()
   at GitHub.Runner.Sdk.ProcessInvoker.ExecuteAsync(String workingDirectory, String fileName, String arguments, IDictionary`2 environment, Boolean requireExitCodeZero, Encoding outputEncoding, Boolean killProcessOnCancel, Channel`1 redirectStandardIn, Boolean inheritConsoleHandler, Boolean keepStandardInOpen, Boolean highPriorityProcess, CancellationToken cancellationToken)
   at GitHub.Runner.Common.ProcessInvokerWrapper.ExecuteAsync(String workingDirectory, String fileName, String arguments, IDictionary`2 environment, Boolean requireExitCodeZero, Encoding outputEncoding, Boolean killProcessOnCancel, Channel`1 redirectStandardIn, Boolean inheritConsoleHandler, Boolean keepStandardInOpen, Boolean highPriorityProcess, CancellationToken cancellationToken)
   at GitHub.Runner.Worker.Handlers.DefaultStepHost.ExecuteAsync(IExecutionContext context, String workingDirectory, String fileName, String arguments, IDictionary`2 environment, Boolean requireExitCodeZero, Encoding outputEncoding, Boolean killProcessOnCancel, Boolean inheritConsoleHandler, String standardInInput, CancellationToken cancellationToken)
   at GitHub.Runner.Worker.Handlers.NodeScriptActionHandler.RunAsync(ActionRunStage stage)
   at GitHub.Runner.Worker.ActionRunner.RunAsync()
   at GitHub.Runner.Worker.StepsRunner.RunStepAsync(IStep step, CancellationToken jobCancellationToken)
[2026-09-04 18:01:16Z INFO StepsRunner] Step result: Canceled
[2026-09-04 18:01:16Z INFO ExecutionContext] Publish step telemetry for current step {
  "action": "msys2/setup-msys2",
  "ref": "v2",
  "type": "node24",
  "stage": "Main",
  "stepId": "642e55fc-0c4d-42b7-81b3-427769fe1692",
  "stepContextName": "__msys2_setup-msys2",
  "hasPreStep": false,
  "hasPostStep": false,
  "result": "canceled",
  "errorMessages": [
    "The operation was canceled."
  ],
  "executionTimeInSeconds": 5828,
  "startTime": "2026-09-04T16:24:09.4750961Z",
  "finishTime": "2026-09-04T18:01:16.797654Z"
}.
[2026-09-04 18:01:16Z INFO StepsRunner] No need for updating job result with current step result 'Canceled'.
[2026-09-04 18:01:16Z INFO StepsRunner] Current state: job state = 'Canceled'
[2026-09-04 18:01:16Z INFO StepsRunner] Processing step: DisplayName='Configure'
[2026-09-04 18:01:16Z INFO StepsRunner] Evaluating: success()
[2026-09-04 18:01:16Z INFO StepsRunner] Result: false
[2026-09-04 18:01:16Z INFO StepsRunner] Skipping step due to condition evaluation.
[2026-09-04 18:01:16Z INFO StepsRunner] No need for updating job result with current step result 'Skipped'.
[2026-09-04 18:01:16Z INFO StepsRunner] Current state: job state = 'Canceled'
[2026-09-04 18:01:16Z INFO StepsRunner] Processing step: DisplayName='Build'
[2026-09-04 18:01:16Z INFO StepsRunner] Evaluating: success()
[2026-09-04 18:01:16Z INFO StepsRunner] Result: false
[2026-09-04 18:01:16Z INFO StepsRunner] Skipping step due to condition evaluation.
[2026-09-04 18:01:16Z INFO StepsRunner] No need for updating job result with current step result 'Skipped'.
[2026-09-04 18:01:16Z INFO StepsRunner] Current state: job state = 'Canceled'
[2026-09-04 18:01:16Z INFO StepsRunner] Processing step: DisplayName='Post Run actions/checkout@v4'
[2026-09-04 18:01:16Z INFO StepsRunner] Evaluating: always()
[2026-09-04 18:01:16Z INFO StepsRunner] Result: true
[2026-09-04 18:01:16Z INFO StepsRunner] Starting the step.
[2026-09-04 18:01:16Z INFO HostContext] Well known directory 'Bin': 'C:\Users\leomi\CLionProjects\PrjING1SnoopyReuse\actions-runner\bin'
[2026-09-04 18:01:16Z INFO HostContext] Well known directory 'Root': 'C:\Users\leomi\CLionProjects\PrjING1SnoopyReuse\actions-runner'
[2026-09-04 18:01:16Z INFO HostContext] Well known directory 'Work': 'C:\Users\leomi\CLionProjects\PrjING1SnoopyReuse\actions-runner\_work'
[2026-09-04 18:01:16Z INFO StepsRunner] Which2: 'chcp'
[2026-09-04 18:01:16Z INFO StepsRunner] Location: 'C:\WINDOWS\system32\chcp.COM'
[2026-09-04 18:01:16Z INFO ProcessInvokerWrapper] Starting process:
[2026-09-04 18:01:16Z INFO ProcessInvokerWrapper]   File name: 'C:\WINDOWS\system32\chcp.COM'
[2026-09-04 18:01:16Z INFO ProcessInvokerWrapper]   Arguments: '65001'
[2026-09-04 18:01:16Z INFO ProcessInvokerWrapper]   Working directory: 'C:\Users\leomi\CLionProjects\PrjING1SnoopyReuse\actions-runner\_work'
[2026-09-04 18:01:16Z INFO ProcessInvokerWrapper]   Require exit code zero: 'False'
[2026-09-04 18:01:16Z INFO ProcessInvokerWrapper]   Encoding web name:  ; code page: ''
[2026-09-04 18:01:16Z INFO ProcessInvokerWrapper]   Force kill process on cancellation: 'False'
[2026-09-04 18:01:16Z INFO ProcessInvokerWrapper]   Redirected STDIN: 'False'
[2026-09-04 18:01:16Z INFO ProcessInvokerWrapper]   Persist current code page: 'True'
[2026-09-04 18:01:16Z INFO ProcessInvokerWrapper]   Keep redirected STDIN open: 'False'
[2026-09-04 18:01:16Z INFO ProcessInvokerWrapper]   High priority process: 'False'
[2026-09-04 18:01:16Z INFO ProcessInvokerWrapper] Process started with process id 11076, waiting for process exit.
[2026-09-04 18:01:16Z INFO JobServerQueue] Try to append 1 batches web console lines for record '642e55fc-0c4d-42b7-81b3-427769fe1692', success rate: 1/1.
[2026-09-04 18:01:17Z INFO JobServerQueue] Got a step log file to send to results service.
[2026-09-04 18:01:17Z INFO JobServerQueue] Starting upload of step log file to results service ResultsLog, C:\Users\leomi\CLionProjects\PrjING1SnoopyReuse\actions-runner\_diag\blocks\600b2eea-841b-4738-99ea-3ceec6145b64_642e55fc-0c4d-42b7-81b3-427769fe1692.1
[2026-09-04 18:01:17Z INFO JobServerQueue] Try to upload 1 log files or attachments, success rate: 1/1.
[2026-09-04 18:01:18Z INFO JobServerQueue] Tried to upload 1 file(s) to results, success rate: 1/1.
[2026-09-04 18:01:20Z INFO ProcessInvokerWrapper] STDOUT/STDERR stream read finished.
[2026-09-04 18:01:20Z INFO ProcessInvokerWrapper] STDOUT/STDERR stream read finished.
[2026-09-04 18:01:20Z INFO ProcessInvokerWrapper] Finished process 11076 with exit code 0, and elapsed time 00:00:03.3468516.
[2026-09-04 18:01:20Z INFO StepsRunner] Successfully returned to code page 65001 (UTF8)
[2026-09-04 18:01:20Z INFO HostContext] Well known directory 'Bin': 'C:\Users\leomi\CLionProjects\PrjING1SnoopyReuse\actions-runner\bin'
[2026-09-04 18:01:20Z INFO HostContext] Well known directory 'Root': 'C:\Users\leomi\CLionProjects\PrjING1SnoopyReuse\actions-runner'
[2026-09-04 18:01:20Z INFO HostContext] Well known directory 'Work': 'C:\Users\leomi\CLionProjects\PrjING1SnoopyReuse\actions-runner\_work'
[2026-09-04 18:01:20Z INFO HostContext] Well known directory 'Actions': 'C:\Users\leomi\CLionProjects\PrjING1SnoopyReuse\actions-runner\_work\_actions'
[2026-09-04 18:01:20Z INFO ActionManager] Load action that reference repository from 'C:\Users\leomi\CLionProjects\PrjING1SnoopyReuse\actions-runner\_work\_actions\actions\checkout\v4'
[2026-09-04 18:01:20Z INFO HostContext] Well known directory 'Bin': 'C:\Users\leomi\CLionProjects\PrjING1SnoopyReuse\actions-runner\bin'
[2026-09-04 18:01:20Z INFO HostContext] Well known directory 'Root': 'C:\Users\leomi\CLionProjects\PrjING1SnoopyReuse\actions-runner'
[2026-09-04 18:01:20Z INFO HostContext] Well known directory 'Work': 'C:\Users\leomi\CLionProjects\PrjING1SnoopyReuse\actions-runner\_work'
[2026-09-04 18:01:20Z INFO HostContext] Well known directory 'Actions': 'C:\Users\leomi\CLionProjects\PrjING1SnoopyReuse\actions-runner\_work\_actions'
[2026-09-04 18:01:20Z INFO ActionManifestManagerLegacy] Loaded action.yml file: {
  "name": "Checkout",
  "description": "Checkout a Git repository at a particular version",
  "inputs": {
    "type": 2,
    "map": [
      {
        "key": {
          "type": 0,
          "file": 2,
          "line": 4,
          "col": 3,
          "lit": "repository"
        },
        "value": {
          "type": 3,
          "file": 2,
          "line": 6,
          "col": 14,
          "expr": "github.repository"
        }
      },
      {
        "key": {
          "type": 0,
          "file": 2,
          "line": 7,
          "col": 3,
          "lit": "ref"
        },
        "value": ""
      },
      {
        "key": {
          "type": 0,
          "file": 2,
          "line": 12,
          "col": 3,
          "lit": "token"
        },
        "value": {
          "type": 3,
          "file": 2,
          "line": 24,
          "col": 14,
          "expr": "github.token"
        }
      },
      {
        "key": {
          "type": 0,
          "file": 2,
          "line": 25,
          "col": 3,
          "lit": "ssh-key"
        },
        "value": ""
      },
      {
        "key": {
          "type": 0,
          "file": 2,
          "line": 37,
          "col": 3,
          "lit": "ssh-known-hosts"
        },
        "value": ""
      },
      {
        "key": {
          "type": 0,
          "file": 2,
          "line": 42,
          "col": 3,
          "lit": "ssh-strict"
        },
        "value": {
          "type": 0,
          "file": 2,
          "line": 47,
          "col": 14,
          "lit": "true"
        }
      },
      {
        "key": {
          "type": 0,
          "file": 2,
          "line": 48,
          "col": 3,
          "lit": "ssh-user"
        },
        "value": {
          "type": 0,
          "file": 2,
          "line": 51,
          "col": 14,
          "lit": "git"
        }
      },
      {
        "key": {
          "type": 0,
          "file": 2,
          "line": 52,
          "col": 3,
          "lit": "persist-credentials"
        },
        "value": {
          "type": 0,
          "file": 2,
          "line": 54,
          "col": 14,
          "lit": "true"
        }
      },
      {
        "key": {
          "type": 0,
          "file": 2,
          "line": 55,
          "col": 3,
          "lit": "path"
        },
        "value": ""
      },
      {
        "key": {
          "type": 0,
          "file": 2,
          "line": 57,
          "col": 3,
          "lit": "clean"
        },
        "value": {
          "type": 0,
          "file": 2,
          "line": 59,
          "col": 14,
          "lit": "true"
        }
      },
      {
        "key": {
          "type": 0,
          "file": 2,
          "line": 60,
          "col": 3,
          "lit": "filter"
        },
        "value": {
          "type": 0,
          "file": 2,
          "line": 64,
          "col": 14,
          "lit": ""
        }
      },
      {
        "key": {
          "type": 0,
          "file": 2,
          "line": 65,
          "col": 3,
          "lit": "sparse-checkout"
        },
        "value": {
          "type": 0,
          "file": 2,
          "line": 69,
          "col": 14,
          "lit": ""
        }
      },
      {
        "key": {
          "type": 0,
          "file": 2,
          "line": 70,
          "col": 3,
          "lit": "sparse-checkout-cone-mode"
        },
        "value": {
          "type": 0,
          "file": 2,
          "line": 73,
          "col": 14,
          "lit": "true"
        }
      },
      {
        "key": {
          "type": 0,
          "file": 2,
          "line": 74,
          "col": 3,
          "lit": "fetch-depth"
        },
        "value": {
          "type": 0,
          "file": 2,
          "line": 76,
          "col": 14,
          "lit": "1"
        }
      },
      {
        "key": {
          "type": 0,
          "file": 2,
          "line": 77,
          "col": 3,
          "lit": "fetch-tags"
        },
        "value": {
          "type": 0,
          "file": 2,
          "line": 79,
          "col": 14,
          "lit": "false"
        }
      },
      {
        "key": {
          "type": 0,
          "file": 2,
          "line": 80,
          "col": 3,
          "lit": "show-progress"
        },
        "value": {
          "type": 0,
          "file": 2,
          "line": 82,
          "col": 14,
          "lit": "true"
        }
      },
      {
        "key": {
          "type": 0,
          "file": 2,
          "line": 83,
          "col": 3,
          "lit": "lfs"
        },
        "value": {
          "type": 0,
          "file": 2,
          "line": 85,
          "col": 14,
          "lit": "false"
        }
      },
      {
        "key": {
          "type": 0,
          "file": 2,
          "line": 86,
          "col": 3,
          "lit": "submodules"
        },
        "value": {
          "type": 0,
          "file": 2,
          "line": 94,
          "col": 14,
          "lit": "false"
        }
      },
      {
        "key": {
          "type": 0,
          "file": 2,
          "line": 95,
          "col": 3,
          "lit": "set-safe-directory"
        },
        "value": {
          "type": 0,
          "file": 2,
          "line": 97,
          "col": 14,
          "lit": "true"
        }
      },
      {
        "key": {
          "type": 0,
          "file": 2,
          "line": 98,
          "col": 3,
          "lit": "github-server-url"
        },
        "value": ""
      },
      {
        "key": {
          "type": 0,
          "file": 2,
          "line": 101,
          "col": 3,
          "lit": "allow-unsafe-pr-checkout"
        },
        "value": {
          "type": 0,
          "file": 2,
          "line": 109,
          "col": 14,
          "lit": "false"
        }
      }
    ]
  },
  "execution": {
    "executionType": "nodeJS",
    "hasPre": false,
    "hasPost": true,
    "script": "dist/index.js",
    "pre": null,
    "post": "dist/index.js",
    "nodeVersion": "node20",
    "cleanupCondition": "always()",
    "initCondition": "always()"
  },
  "deprecated": null
}
[2026-09-04 18:01:20Z INFO ActionManager] Action pre node.js file: N/A.
[2026-09-04 18:01:20Z INFO ActionManager] Action node.js file: dist/index.js.
[2026-09-04 18:01:20Z INFO ActionManager] Action post node.js file: dist/index.js.
[2026-09-04 18:01:20Z INFO HostContext] Well known directory 'Bin': 'C:\Users\leomi\CLionProjects\PrjING1SnoopyReuse\actions-runner\bin'
[2026-09-04 18:01:20Z INFO HostContext] Well known directory 'Root': 'C:\Users\leomi\CLionProjects\PrjING1SnoopyReuse\actions-runner'
[2026-09-04 18:01:20Z INFO HostContext] Well known directory 'Work': 'C:\Users\leomi\CLionProjects\PrjING1SnoopyReuse\actions-runner\_work'
[2026-09-04 18:01:20Z INFO HostContext] Well known directory 'Temp': 'C:\Users\leomi\CLionProjects\PrjING1SnoopyReuse\actions-runner\_work\_temp'
[2026-09-04 18:01:20Z INFO ExecutionContext] Write event payload to C:\Users\leomi\CLionProjects\PrjING1SnoopyReuse\actions-runner\_work\_temp\_github_workflow\event.json
[2026-09-04 18:01:20Z INFO HostContext] Well known directory 'Bin': 'C:\Users\leomi\CLionProjects\PrjING1SnoopyReuse\actions-runner\bin'
[2026-09-04 18:01:20Z INFO HostContext] Well known directory 'Root': 'C:\Users\leomi\CLionProjects\PrjING1SnoopyReuse\actions-runner'
[2026-09-04 18:01:20Z INFO HostContext] Well known directory 'Work': 'C:\Users\leomi\CLionProjects\PrjING1SnoopyReuse\actions-runner\_work'
[2026-09-04 18:01:20Z INFO HostContext] Well known directory 'Temp': 'C:\Users\leomi\CLionProjects\PrjING1SnoopyReuse\actions-runner\_work\_temp'
[2026-09-04 18:01:20Z INFO ExtensionManager] Getting extensions for interface: 'GitHub.Runner.Worker.IFileCommandExtension'
[2026-09-04 18:01:20Z INFO ActionManifestManagerLegacy] Input 'repository': default value evaluate result: {
  "type": 0,
  "file": 2,
  "line": 6,
  "col": 14,
  "lit": "leomichard/PrjING1SnoopyReuse"
}
[2026-09-04 18:01:20Z INFO ActionManifestManagerLegacy] Input 'ref': default value evaluate result: ""
[2026-09-04 18:01:20Z INFO ActionManifestManagerLegacy] Input 'token': default value evaluate result: {
  "type": 0,
  "file": 2,
  "line": 24,
  "col": 14,
  "lit": "***"
}
[2026-09-04 18:01:20Z INFO ActionManifestManagerLegacy] Input 'ssh-key': default value evaluate result: ""
[2026-09-04 18:01:20Z INFO ActionManifestManagerLegacy] Input 'ssh-known-hosts': default value evaluate result: ""
[2026-09-04 18:01:20Z INFO ActionManifestManagerLegacy] Input 'ssh-strict': default value evaluate result: {
  "type": 0,
  "file": 2,
  "line": 47,
  "col": 14,
  "lit": "true"
}
[2026-09-04 18:01:20Z INFO ActionManifestManagerLegacy] Input 'ssh-user': default value evaluate result: {
  "type": 0,
  "file": 2,
  "line": 51,
  "col": 14,
  "lit": "git"
}
[2026-09-04 18:01:20Z INFO ActionManifestManagerLegacy] Input 'persist-credentials': default value evaluate result: {
  "type": 0,
  "file": 2,
  "line": 54,
  "col": 14,
  "lit": "true"
}
[2026-09-04 18:01:20Z INFO ActionManifestManagerLegacy] Input 'path': default value evaluate result: ""
[2026-09-04 18:01:20Z INFO ActionManifestManagerLegacy] Input 'clean': default value evaluate result: {
  "type": 0,
  "file": 2,
  "line": 59,
  "col": 14,
  "lit": "true"
}
[2026-09-04 18:01:20Z INFO ActionManifestManagerLegacy] Input 'filter': default value evaluate result: {
  "type": 0,
  "file": 2,
  "line": 64,
  "col": 14,
  "lit": ""
}
[2026-09-04 18:01:20Z INFO ActionManifestManagerLegacy] Input 'sparse-checkout': default value evaluate result: {
  "type": 0,
  "file": 2,
  "line": 69,
  "col": 14,
  "lit": ""
}
[2026-09-04 18:01:20Z INFO ActionManifestManagerLegacy] Input 'sparse-checkout-cone-mode': default value evaluate result: {
  "type": 0,
  "file": 2,
  "line": 73,
  "col": 14,
  "lit": "true"
}
[2026-09-04 18:01:20Z INFO ActionManifestManagerLegacy] Input 'fetch-depth': default value evaluate result: {
  "type": 0,
  "file": 2,
  "line": 76,
  "col": 14,
  "lit": "1"
}
[2026-09-04 18:01:20Z INFO ActionManifestManagerLegacy] Input 'fetch-tags': default value evaluate result: {
  "type": 0,
  "file": 2,
  "line": 79,
  "col": 14,
  "lit": "false"
}
[2026-09-04 18:01:20Z INFO ActionManifestManagerLegacy] Input 'show-progress': default value evaluate result: {
  "type": 0,
  "file": 2,
  "line": 82,
  "col": 14,
  "lit": "true"
}
[2026-09-04 18:01:20Z INFO ActionManifestManagerLegacy] Input 'lfs': default value evaluate result: {
  "type": 0,
  "file": 2,
  "line": 85,
  "col": 14,
  "lit": "false"
}
[2026-09-04 18:01:20Z INFO ActionManifestManagerLegacy] Input 'submodules': default value evaluate result: {
  "type": 0,
  "file": 2,
  "line": 94,
  "col": 14,
  "lit": "false"
}
[2026-09-04 18:01:20Z INFO ActionManifestManagerLegacy] Input 'set-safe-directory': default value evaluate result: {
  "type": 0,
  "file": 2,
  "line": 97,
  "col": 14,
  "lit": "true"
}
[2026-09-04 18:01:20Z INFO ActionManifestManagerLegacy] Input 'github-server-url': default value evaluate result: ""
[2026-09-04 18:01:20Z INFO ActionManifestManagerLegacy] Input 'allow-unsafe-pr-checkout': default value evaluate result: {
  "type": 0,
  "file": 2,
  "line": 109,
  "col": 14,
  "lit": "false"
}
[2026-09-04 18:01:20Z INFO ExtensionManager] Getting extensions for interface: 'GitHub.Runner.Worker.IActionCommandExtension'
[2026-09-04 18:01:20Z INFO ActionCommandManager] Register action command extension for command internal-set-repo-path
[2026-09-04 18:01:20Z INFO ActionCommandManager] Register action command extension for command set-env
[2026-09-04 18:01:20Z INFO ActionCommandManager] Register action command extension for command set-output
[2026-09-04 18:01:20Z INFO ActionCommandManager] Register action command extension for command save-state
[2026-09-04 18:01:20Z INFO ActionCommandManager] Register action command extension for command add-path
[2026-09-04 18:01:20Z INFO ActionCommandManager] Register action command extension for command add-mask
[2026-09-04 18:01:20Z INFO ActionCommandManager] Register action command extension for command add-matcher
[2026-09-04 18:01:20Z INFO ActionCommandManager] Register action command extension for command remove-matcher
[2026-09-04 18:01:20Z INFO ActionCommandManager] Register action command extension for command warning
[2026-09-04 18:01:20Z INFO ActionCommandManager] Register action command extension for command error
[2026-09-04 18:01:20Z INFO ActionCommandManager] Register action command extension for command notice
[2026-09-04 18:01:20Z INFO ActionCommandManager] Register action command extension for command debug
[2026-09-04 18:01:20Z INFO ActionCommandManager] Register action command extension for command group
[2026-09-04 18:01:20Z INFO ActionCommandManager] Register action command extension for command endgroup
[2026-09-04 18:01:20Z INFO ActionCommandManager] Register action command extension for command echo
[2026-09-04 18:01:20Z INFO HostContext] Well known directory 'Bin': 'C:\Users\leomi\CLionProjects\PrjING1SnoopyReuse\actions-runner\bin'
[2026-09-04 18:01:20Z INFO HostContext] Well known directory 'Root': 'C:\Users\leomi\CLionProjects\PrjING1SnoopyReuse\actions-runner'
[2026-09-04 18:01:20Z INFO HostContext] Well known directory 'Externals': 'C:\Users\leomi\CLionProjects\PrjING1SnoopyReuse\actions-runner\externals'
[2026-09-04 18:01:20Z INFO ProcessInvokerWrapper] Starting process:
[2026-09-04 18:01:20Z INFO ProcessInvokerWrapper]   File name: 'C:\Users\leomi\CLionProjects\PrjING1SnoopyReuse\actions-runner\externals\node24\bin\node.exe'
[2026-09-04 18:01:20Z INFO ProcessInvokerWrapper]   Arguments: '"C:\Users\leomi\CLionProjects\PrjING1SnoopyReuse\actions-runner\_work\_actions\actions\checkout\v4\dist/index.js"'
[2026-09-04 18:01:20Z INFO ProcessInvokerWrapper]   Working directory: 'C:\Users\leomi\CLionProjects\PrjING1SnoopyReuse\actions-runner\_work\PrjING1SnoopyReuse\PrjING1SnoopyReuse'
[2026-09-04 18:01:20Z INFO ProcessInvokerWrapper]   Require exit code zero: 'False'
[2026-09-04 18:01:20Z INFO ProcessInvokerWrapper]   Encoding web name: utf-8 ; code page: '65001'
[2026-09-04 18:01:20Z INFO ProcessInvokerWrapper]   Force kill process on cancellation: 'False'
[2026-09-04 18:01:20Z INFO ProcessInvokerWrapper]   Redirected STDIN: 'False'
[2026-09-04 18:01:20Z INFO ProcessInvokerWrapper]   Persist current code page: 'True'
[2026-09-04 18:01:20Z INFO ProcessInvokerWrapper]   Keep redirected STDIN open: 'False'
[2026-09-04 18:01:20Z INFO ProcessInvokerWrapper]   High priority process: 'False'
[2026-09-04 18:01:20Z INFO ProcessInvokerWrapper] Process started with process id 7280, waiting for process exit.
[2026-09-04 18:01:20Z INFO JobServerQueue] Try to append 1 batches web console lines for record '82044cf5-9ae5-405d-b459-3c42f096a002', success rate: 1/1.
[2026-09-04 18:01:21Z INFO HostContext] Well known directory 'Bin': 'C:\Users\leomi\CLionProjects\PrjING1SnoopyReuse\actions-runner\bin'
[2026-09-04 18:01:21Z INFO HostContext] Well known directory 'Root': 'C:\Users\leomi\CLionProjects\PrjING1SnoopyReuse\actions-runner'
[2026-09-04 18:01:21Z INFO HostContext] Well known directory 'Work': 'C:\Users\leomi\CLionProjects\PrjING1SnoopyReuse\actions-runner\_work'
[2026-09-04 18:01:24Z INFO JobServerQueue] Try to append 1 batches web console lines for record '82044cf5-9ae5-405d-b459-3c42f096a002', success rate: 1/1.
[2026-09-04 18:01:24Z INFO AddMaskCommandExtension] Add new secret mask with length of 32
[2026-09-04 18:01:25Z INFO JobServerQueue] Try to append 1 batches web console lines for record '82044cf5-9ae5-405d-b459-3c42f096a002', success rate: 1/1.
[2026-09-04 18:01:25Z INFO JobServerQueue] Try to append 1 batches web console lines for record '82044cf5-9ae5-405d-b459-3c42f096a002', success rate: 1/1.
[2026-09-04 18:01:29Z INFO JobServerQueue] Try to append 1 batches web console lines for record '82044cf5-9ae5-405d-b459-3c42f096a002', success rate: 1/1.
[2026-09-04 18:01:31Z INFO HostContext] Well known directory 'Bin': 'C:\Users\leomi\CLionProjects\PrjING1SnoopyReuse\actions-runner\bin'
[2026-09-04 18:01:31Z INFO HostContext] Well known directory 'Root': 'C:\Users\leomi\CLionProjects\PrjING1SnoopyReuse\actions-runner'
[2026-09-04 18:01:31Z INFO HostContext] Well known directory 'Work': 'C:\Users\leomi\CLionProjects\PrjING1SnoopyReuse\actions-runner\_work'
[2026-09-04 18:01:31Z INFO ProcessInvokerWrapper] STDOUT/STDERR stream read finished.
[2026-09-04 18:01:31Z INFO ProcessInvokerWrapper] STDOUT/STDERR stream read finished.
[2026-09-04 18:01:31Z INFO ProcessInvokerWrapper] Finished process 7280 with exit code -1073741510, and elapsed time 00:00:11.1039467.
[2026-09-04 18:01:31Z INFO CreateStepSummaryCommand] Step Summary file (C:\Users\leomi\CLionProjects\PrjING1SnoopyReuse\actions-runner\_work\_temp\_runner_file_commands\step_summary_016f9a13-3e10-45d8-9368-e405b1bb2e12) is empty; skipping attachment upload
[2026-09-04 18:01:31Z INFO StepsRunner] Step result: Failed
[2026-09-04 18:01:31Z INFO ExecutionContext] Publish step telemetry for current step {
  "action": "actions/checkout",
  "ref": "v4",
  "type": "node24",
  "stage": "Post",
  "stepId": "82044cf5-9ae5-405d-b459-3c42f096a002",
  "result": "failed",
  "errorMessages": [],
  "executionTimeInSeconds": 15,
  "startTime": "2026-09-04T18:01:16.8271454Z",
  "finishTime": "2026-09-04T18:01:31.5498685Z"
}.
[2026-09-04 18:01:31Z INFO StepsRunner] Update job result with current step result 'Failed'.
[2026-09-04 18:01:31Z INFO StepsRunner] Current state: job state = 'Canceled'
[2026-09-04 18:01:31Z INFO JobRunner] Finalize job.
[2026-09-04 18:01:31Z INFO HostContext] Well known directory 'Bin': 'C:\Users\leomi\CLionProjects\PrjING1SnoopyReuse\actions-runner\bin'
[2026-09-04 18:01:31Z INFO HostContext] Well known directory 'Root': 'C:\Users\leomi\CLionProjects\PrjING1SnoopyReuse\actions-runner'
[2026-09-04 18:01:31Z INFO HostContext] Well known directory 'Diag': 'C:\Users\leomi\CLionProjects\PrjING1SnoopyReuse\actions-runner\_diag'
[2026-09-04 18:01:31Z INFO HostContext] Well known directory 'Bin': 'C:\Users\leomi\CLionProjects\PrjING1SnoopyReuse\actions-runner\bin'
[2026-09-04 18:01:31Z INFO HostContext] Well known directory 'Root': 'C:\Users\leomi\CLionProjects\PrjING1SnoopyReuse\actions-runner'
[2026-09-04 18:01:31Z INFO HostContext] Well known directory 'Diag': 'C:\Users\leomi\CLionProjects\PrjING1SnoopyReuse\actions-runner\_diag'
[2026-09-04 18:01:31Z INFO JobExtension] Initialize Env context
[2026-09-04 18:01:31Z INFO JobExtension] Initialize steps context
[2026-09-04 18:01:31Z INFO JobExtension] Total accessible running process: 294.
[2026-09-04 18:01:31Z INFO JobExtension] Inspecting process environment variables. PID: 4012 (svchost)
[2026-09-04 18:01:31Z WARN JobExtension] Ignore exception during read process environment variables: Accès refusé.
[2026-09-04 18:01:31Z INFO JobExtension] Inspecting process environment variables. PID: 16432 (bash)
[2026-09-04 18:01:32Z INFO JobServerQueue] Try to append 1 batches web console lines for record '0b4374a3-1bc0-4eb8-8e69-d7bd899fe14d', success rate: 1/1.
[2026-09-04 18:01:32Z INFO JobServerQueue] Try to upload 1 log files or attachments, success rate: 1/1.
[2026-09-04 18:01:32Z INFO JobServerQueue] Got a step log file to send to results service.
[2026-09-04 18:01:32Z INFO JobServerQueue] Starting upload of step log file to results service ResultsLog, C:\Users\leomi\CLionProjects\PrjING1SnoopyReuse\actions-runner\_diag\blocks\600b2eea-841b-4738-99ea-3ceec6145b64_82044cf5-9ae5-405d-b459-3c42f096a002.1
[2026-09-04 18:01:32Z INFO JobExtension] Inspecting process environment variables. PID: 6652 (pacman)
[2026-09-04 18:01:32Z INFO JobExtension] Inspecting process environment variables. PID: 21020 (svchost)
[2026-09-04 18:01:32Z WARN JobExtension] Ignore exception during read process environment variables: Accès refusé.
[2026-09-04 18:01:32Z INFO JobExtension] Inspecting process environment variables. PID: 5296 (smartscreen)
[2026-09-04 18:01:32Z INFO JobExtension] Inspecting process environment variables. PID: 16320 (svchost)
[2026-09-04 18:01:32Z WARN JobExtension] Ignore exception during read process environment variables: Accès refusé.
[2026-09-04 18:01:32Z INFO JobExtension] Inspecting process environment variables. PID: 8820 (chrome)
[2026-09-04 18:01:32Z INFO JobExtension] Inspecting process environment variables. PID: 3960 (svchost)
[2026-09-04 18:01:32Z WARN JobExtension] Ignore exception during read process environment variables: Accès refusé.
[2026-09-04 18:01:32Z INFO JobExtension] Inspecting process environment variables. PID: 16256 (WmiPrvSE)
[2026-09-04 18:01:32Z WARN JobExtension] Ignore exception during read process environment variables: Accès refusé.
[2026-09-04 18:01:32Z INFO JobExtension] Inspecting process environment variables. PID: 21972 (taskhostw)
[2026-09-04 18:01:32Z WARN JobExtension] Ignore exception during read process environment variables: Accès refusé.
[2026-09-04 18:01:32Z INFO JobExtension] Inspecting process environment variables. PID: 12268 (msrdc)
[2026-09-04 18:01:32Z INFO JobExtension] Inspecting process environment variables. PID: 3496 (svchost)
[2026-09-04 18:01:32Z WARN JobExtension] Ignore exception during read process environment variables: Accès refusé.
[2026-09-04 18:01:32Z INFO JobExtension] Inspecting process environment variables. PID: 18012 (sppsvc)
[2026-09-04 18:01:32Z WARN JobExtension] Ignore exception during read process environment variables: Accès refusé.
[2026-09-04 18:01:32Z INFO JobExtension] Inspecting process environment variables. PID: 17612 (WmiPrvSE)
[2026-09-04 18:01:32Z WARN JobExtension] Ignore exception during read process environment variables: Accès refusé.
[2026-09-04 18:01:32Z INFO JobExtension] Inspecting process environment variables. PID: 21016 (svchost)
[2026-09-04 18:01:32Z WARN JobExtension] Ignore exception during read process environment variables: Accès refusé.
[2026-09-04 18:01:32Z INFO JobExtension] Inspecting process environment variables. PID: 20048 (svchost)
[2026-09-04 18:01:32Z WARN JobExtension] Ignore exception during read process environment variables: Accès refusé.
[2026-09-04 18:01:32Z INFO JobExtension] Inspecting process environment variables. PID: 20396 (MoUsoCoreWorker)
[2026-09-04 18:01:32Z WARN JobExtension] Ignore exception during read process environment variables: Accès refusé.
[2026-09-04 18:01:32Z INFO JobExtension] Inspecting process environment variables. PID: 19012 (svchost)
[2026-09-04 18:01:32Z WARN JobExtension] Ignore exception during read process environment variables: Accès refusé.
[2026-09-04 18:01:32Z INFO JobExtension] Inspecting process environment variables. PID: 21904 (svchost)
[2026-09-04 18:01:32Z INFO JobExtension] Inspecting process environment variables. PID: 16692 (svchost)
[2026-09-04 18:01:32Z WARN JobExtension] Ignore exception during read process environment variables: Accès refusé.
[2026-09-04 18:01:32Z INFO JobExtension] Inspecting process environment variables. PID: 21024 (svchost)
[2026-09-04 18:01:32Z WARN JobExtension] Ignore exception during read process environment variables: Accès refusé.
[2026-09-04 18:01:32Z INFO JobExtension] Inspecting process environment variables. PID: 22644 (conhost)
[2026-09-04 18:01:32Z INFO JobServerQueue] Try to append 1 batches web console lines for record '0b4374a3-1bc0-4eb8-8e69-d7bd899fe14d', success rate: 1/1.
[2026-09-04 18:01:32Z INFO JobExtension] Inspecting process environment variables. PID: 22844 (OpenConsole)
[2026-09-04 18:01:32Z INFO JobExtension] Inspecting process environment variables. PID: 17976 (WindowsTerminal)
[2026-09-04 18:01:32Z WARN JobExtension] Ignore exception during read process environment variables: Cannot process request because the process (17976) has exited.
[2026-09-04 18:01:32Z INFO JobExtension] Inspecting process environment variables. PID: 21060 (git)
[2026-09-04 18:01:32Z INFO JobExtension] Wait for all connectivity checks to finish.
[2026-09-04 18:01:32Z INFO JobExtension] Connectivity check result: {
  "endpointUrl": "https://broker.actions.githubusercontent.com/health",
  "endpointIPs": null,
  "startTime": "2026-09-04T16:23:41.6195031Z",
  "statusCode": "http_OK",
  "requestId": "D411:DA693:1988F13:1A48F21:6A9AF08C",
  "httpRequestDurationInMs": 296,
  "dnsResolutionDurationInMs": 0,
  "dnsError": null
}
[2026-09-04 18:01:32Z INFO JobExtension] Connectivity check result: {
  "endpointUrl": "https://token.actions.githubusercontent.com/ready",
  "endpointIPs": null,
  "startTime": "2026-09-04T16:23:41.6203569Z",
  "statusCode": "http_NoContent",
  "requestId": "EDE7:2FE818:13E2185:160D0ED:6A9AF08C",
  "httpRequestDurationInMs": 301,
  "dnsResolutionDurationInMs": 0,
  "dnsError": null
}
[2026-09-04 18:01:32Z INFO JobExtension] Connectivity check result: {
  "endpointUrl": "https://run.actions.githubusercontent.com/health",
  "endpointIPs": null,
  "startTime": "2026-09-04T16:23:41.620585Z",
  "statusCode": "http_OK",
  "requestId": "07CA:3182A2:1B6865D:1BB3640:6A9AF08C",
  "httpRequestDurationInMs": 316,
  "dnsResolutionDurationInMs": 0,
  "dnsError": null
}
[2026-09-04 18:01:32Z INFO JobExtension] Wait for all connectivity and DNS checks to finish.
[2026-09-04 18:01:32Z INFO JobExtension] Connectivity and DNS check result: {
  "endpointUrl": "https://github.com/_dns",
  "endpointIPs": [
    "140.82.121.3"
  ],
  "startTime": "2026-09-04T16:23:41.6208278Z",
  "statusCode": "http_OK",
  "requestId": null,
  "httpRequestDurationInMs": 85,
  "dnsResolutionDurationInMs": 2,
  "dnsError": null
}
[2026-09-04 18:01:32Z INFO JobExtension] Connectivity and DNS check result: {
  "endpointUrl": "https://api.github.com/_dns",
  "endpointIPs": [
    "140.82.121.5"
  ],
  "startTime": "2026-09-04T16:23:41.6211726Z",
  "statusCode": "http_OK",
  "requestId": null,
  "httpRequestDurationInMs": 85,
  "dnsResolutionDurationInMs": 2,
  "dnsError": null
}
[2026-09-04 18:01:32Z INFO JobExtension] Connectivity and DNS check result: {
  "endpointUrl": "https://codeload.github.com/_dns",
  "endpointIPs": [
    "140.82.121.9"
  ],
  "startTime": "2026-09-04T16:23:41.6216856Z",
  "statusCode": "http_OK",
  "requestId": "6DB4:121089:1B2512:21C56A:6A9AF08C",
  "httpRequestDurationInMs": 197,
  "dnsResolutionDurationInMs": 1,
  "dnsError": null
}
[2026-09-04 18:01:32Z INFO JobExtension] Connectivity and DNS check result: {
  "endpointUrl": "https://pkg.github.com/_dns",
  "endpointIPs": [
    "140.82.121.34"
  ],
  "startTime": "2026-09-04T16:23:41.621932Z",
  "statusCode": "http_OK",
  "requestId": "0B5B:2B847D:92760C:97A1F7:6A9AF08C",
  "httpRequestDurationInMs": 185,
  "dnsResolutionDurationInMs": 22,
  "dnsError": null
}
[2026-09-04 18:01:32Z INFO JobExtension] Connectivity and DNS check result: {
  "endpointUrl": "https://copilot-proxy.githubusercontent.com/_dns",
  "endpointIPs": [
    "20.199.39.224"
  ],
  "startTime": "2026-09-04T16:23:41.6221907Z",
  "statusCode": "http_OK",
  "requestId": null,
  "httpRequestDurationInMs": 32,
  "dnsResolutionDurationInMs": 3,
  "dnsError": null
}
[2026-09-04 18:01:32Z INFO ExecutionContext] Publish step telemetry for current step {
  "action": "complete_job",
  "type": "runner",
  "stage": "Post",
  "stepId": "0b4374a3-1bc0-4eb8-8e69-d7bd899fe14d",
  "result": "succeeded",
  "errorMessages": [
    "Node.js 20 is deprecated. The following actions target Node.js 20 but are being forced to run on Node.js 24: actions/checkout@v4. For more information see: https://github.blog/changelog/2025-09-19-deprecation-of-node-20-on-github-actions-runners/"
  ],
  "executionTimeInSeconds": 2,
  "startTime": "2026-09-04T18:01:31.638025Z",
  "finishTime": "2026-09-04T18:01:32.7291203Z"
}.
[2026-09-04 18:01:32Z INFO JobRunner] Job result after all job steps finish: Canceled
[2026-09-04 18:01:32Z INFO JobRunner] Completing the job execution context.
[2026-09-04 18:01:32Z INFO JobRunner] Shutting down the job server queue.
[2026-09-04 18:01:32Z INFO JobServerQueue] Fire signal to shutdown all queues.
[2026-09-04 18:01:32Z INFO JobServerQueue] Tried to upload 1 file(s) to results, success rate: 1/1.
[2026-09-04 18:01:34Z INFO JobServerQueue] All queue process task stopped.
[2026-09-04 18:01:34Z INFO JobServerQueue] Try to append 1 batches web console lines for record '0b4374a3-1bc0-4eb8-8e69-d7bd899fe14d', success rate: 1/1.
[2026-09-04 18:01:34Z INFO JobServerQueue] Web console line queue drained.
[2026-09-04 18:01:34Z INFO JobServerQueue] Uploading 2 files in one shot.
[2026-09-04 18:01:34Z INFO JobServerQueue] Try to upload 2 log files or attachments, success rate: 2/2.
[2026-09-04 18:01:34Z INFO JobServerQueue] File upload queue drained.
[2026-09-04 18:01:34Z INFO JobServerQueue] Starting results-based upload queue...
[2026-09-04 18:01:34Z INFO JobServerQueue] Uploading 2 file(s) in one shot through results service.
[2026-09-04 18:01:34Z INFO JobServerQueue] Got a step log file to send to results service.
[2026-09-04 18:01:34Z INFO JobServerQueue] Starting upload of step log file to results service ResultsLog, C:\Users\leomi\CLionProjects\PrjING1SnoopyReuse\actions-runner\_diag\blocks\600b2eea-841b-4738-99ea-3ceec6145b64_0b4374a3-1bc0-4eb8-8e69-d7bd899fe14d.1
[2026-09-04 18:01:35Z INFO JobServerQueue] Got a job log file to send to results service.
[2026-09-04 18:01:35Z INFO JobServerQueue] Starting upload of job log file to results service ResultsLog, C:\Users\leomi\CLionProjects\PrjING1SnoopyReuse\actions-runner\_diag\blocks\600b2eea-841b-4738-99ea-3ceec6145b64_11a98919-6f3f-5717-983c-211502f9f66c.1
[2026-09-04 18:01:36Z INFO JobServerQueue] Tried to upload 2 file(s) to results, success rate: 2/2.
[2026-09-04 18:01:36Z INFO JobServerQueue] Results upload queue drained.
[2026-09-04 18:01:36Z INFO JobServerQueue] Timeline update queue drained.
[2026-09-04 18:01:36Z INFO JobServerQueue] Disposing job server ...
[2026-09-04 18:01:36Z INFO JobServerQueue] Disposing results server ...
[2026-09-04 18:01:36Z INFO JobServerQueue] All queue process tasks have been stopped, and all queues are drained.
[2026-09-04 18:01:36Z INFO TempDirectoryManager] Cleaning runner temp folder: C:\Users\leomi\CLionProjects\PrjING1SnoopyReuse\actions-runner\_work\_temp
[2026-09-04 18:01:56Z ERR  TempDirectoryManager] System.IO.IOException: Le répertoire n’est pas vide. : 'C:\Users\leomi\CLionProjects\PrjING1SnoopyReuse\actions-runner\_work\_temp\msys64\mingw64\share\man\man3'
   at System.IO.FileSystem.RemoveDirectoryInternal(String fullPath, Boolean topLevel, Boolean allowDirectoryNotEmpty)
   at System.IO.FileSystem.RemoveDirectory(String fullPath, Boolean recursive)
   at System.IO.DirectoryInfo.Delete()
   at GitHub.Runner.Sdk.IOUtil.DeleteDirectory(String path, Boolean contentsOnly, Boolean continueOnContentDeleteError, CancellationToken cancellationToken)
   at GitHub.Runner.Worker.TempDirectoryManager.CleanupTempDirectory()
[2026-09-04 18:01:56Z INFO HostContext] Well known directory 'Bin': 'C:\Users\leomi\CLionProjects\PrjING1SnoopyReuse\actions-runner\bin'
[2026-09-04 18:01:56Z INFO HostContext] Well known directory 'Root': 'C:\Users\leomi\CLionProjects\PrjING1SnoopyReuse\actions-runner'
[2026-09-04 18:01:56Z INFO HostContext] Well known directory 'Diag': 'C:\Users\leomi\CLionProjects\PrjING1SnoopyReuse\actions-runner\_diag'
[2026-09-04 18:01:56Z INFO HostContext] Well known config file 'Telemetry': 'C:\Users\leomi\CLionProjects\PrjING1SnoopyReuse\actions-runner\_diag\.telemetry'
[2026-09-04 18:01:56Z INFO JobRunner] Raising job completed against run service
[2026-09-04 18:01:57Z ERR  GitHubActionsService] POST request to https://run-actions-1-azure-eastus.actions.githubusercontent.com/153/completejob failed. HTTP Status: NotFound
[2026-09-04 18:01:57Z ERR  JobRunner] Catch exception while attempting to complete job 11a98919-6f3f-5717-983c-211502f9f66c, job request 0.
[2026-09-04 18:01:57Z ERR  JobRunner] GitHub.DistributedTask.WebApi.TaskOrchestrationJobNotFoundException: Job not found: 11a98919-6f3f-5717-983c-211502f9f66c. job ref not found
   at GitHub.Actions.RunService.WebApi.RunServiceHttpClient.CompleteJobAsync(Uri requestUri, Guid planId, Guid jobId, TaskResult conclusion, Dictionary`2 outputs, IList`1 stepResults, IList`1 jobAnnotations, String environmentUrl, IList`1 telemetry, String billingOwnerId, String infrastructureFailureCategory, CancellationToken cancellationToken)
   at GitHub.Runner.Common.RunServer.<>c__DisplayClass7_0.<<CompleteJobAsync>b__0>d.MoveNext()
--- End of stack trace from previous location ---
   at GitHub.Runner.Common.RunnerService.<>c__DisplayClass12_0.<<RetryRequest>g__wrappedFunc|0>d.MoveNext()
--- End of stack trace from previous location ---
   at GitHub.Runner.Common.RunnerService.RetryRequest[T](Func`1 func, CancellationToken cancellationToken, Int32 maxAttempts, Func`2 shouldRetry)
   at GitHub.Runner.Common.RunnerService.RetryRequest(Func`1 func, CancellationToken cancellationToken, Int32 maxAttempts, Func`2 shouldRetry)
   at GitHub.Runner.Worker.JobRunner.CompleteJobAsync(IRunServer runServer, IExecutionContext jobContext, AgentJobRequestMessage message, Nullable`1 taskResult)
[2026-09-04 18:01:57Z ERR  Worker] System.AggregateException: One or more errors occurred. (Job not found: 11a98919-6f3f-5717-983c-211502f9f66c. job ref not found)
 ---> GitHub.DistributedTask.WebApi.TaskOrchestrationJobNotFoundException: Job not found: 11a98919-6f3f-5717-983c-211502f9f66c. job ref not found
   at GitHub.Actions.RunService.WebApi.RunServiceHttpClient.CompleteJobAsync(Uri requestUri, Guid planId, Guid jobId, TaskResult conclusion, Dictionary`2 outputs, IList`1 stepResults, IList`1 jobAnnotations, String environmentUrl, IList`1 telemetry, String billingOwnerId, String infrastructureFailureCategory, CancellationToken cancellationToken)
   at GitHub.Runner.Common.RunServer.<>c__DisplayClass7_0.<<CompleteJobAsync>b__0>d.MoveNext()
--- End of stack trace from previous location ---
   at GitHub.Runner.Common.RunnerService.<>c__DisplayClass12_0.<<RetryRequest>g__wrappedFunc|0>d.MoveNext()
--- End of stack trace from previous location ---
   at GitHub.Runner.Common.RunnerService.RetryRequest[T](Func`1 func, CancellationToken cancellationToken, Int32 maxAttempts, Func`2 shouldRetry)
   at GitHub.Runner.Common.RunnerService.RetryRequest(Func`1 func, CancellationToken cancellationToken, Int32 maxAttempts, Func`2 shouldRetry)
   at GitHub.Runner.Worker.JobRunner.CompleteJobAsync(IRunServer runServer, IExecutionContext jobContext, AgentJobRequestMessage message, Nullable`1 taskResult)
   --- End of inner exception stack trace ---
   at GitHub.Runner.Worker.JobRunner.CompleteJobAsync(IRunServer runServer, IExecutionContext jobContext, AgentJobRequestMessage message, Nullable`1 taskResult)
   at GitHub.Runner.Worker.JobRunner.CompleteJobAsync(IRunnerService server, IExecutionContext jobContext, AgentJobRequestMessage message, Nullable`1 taskResult)
   at GitHub.Runner.Worker.JobRunner.RunAsync(AgentJobRequestMessage message, CancellationToken jobRequestCancellationToken)
   at GitHub.Runner.Worker.JobRunner.RunAsync(AgentJobRequestMessage message, CancellationToken jobRequestCancellationToken)
   at GitHub.Runner.Worker.Worker.RunAsync(String pipeIn, String pipeOut)
   at GitHub.Runner.Worker.Worker.RunAsync(String pipeIn, String pipeOut)
   at GitHub.Runner.Worker.Program.MainAsync(IHostContext context, String[] args)
[2026-09-04 18:01:57Z ERR  Worker] #####################################################
[2026-09-04 18:01:57Z ERR  Worker] GitHub.DistributedTask.WebApi.TaskOrchestrationJobNotFoundException: Job not found: 11a98919-6f3f-5717-983c-211502f9f66c. job ref not found
   at GitHub.Actions.RunService.WebApi.RunServiceHttpClient.CompleteJobAsync(Uri requestUri, Guid planId, Guid jobId, TaskResult conclusion, Dictionary`2 outputs, IList`1 stepResults, IList`1 jobAnnotations, String environmentUrl, IList`1 telemetry, String billingOwnerId, String infrastructureFailureCategory, CancellationToken cancellationToken)
   at GitHub.Runner.Common.RunServer.<>c__DisplayClass7_0.<<CompleteJobAsync>b__0>d.MoveNext()
--- End of stack trace from previous location ---
   at GitHub.Runner.Common.RunnerService.<>c__DisplayClass12_0.<<RetryRequest>g__wrappedFunc|0>d.MoveNext()
--- End of stack trace from previous location ---
   at GitHub.Runner.Common.RunnerService.RetryRequest[T](Func`1 func, CancellationToken cancellationToken, Int32 maxAttempts, Func`2 shouldRetry)
   at GitHub.Runner.Common.RunnerService.RetryRequest(Func`1 func, CancellationToken cancellationToken, Int32 maxAttempts, Func`2 shouldRetry)
   at GitHub.Runner.Worker.JobRunner.CompleteJobAsync(IRunServer runServer, IExecutionContext jobContext, AgentJobRequestMessage message, Nullable`1 taskResult)
